/*
SQLyog Ultimate v11.11 (64 bit)
MySQL - 5.5.5-10.1.28-MariaDB : Database - kqc2
*********************************************************************
*/

/*!40101 SET NAMES utf8 */;

/*!40101 SET SQL_MODE=''*/;

/*!40014 SET @OLD_UNIQUE_CHECKS=@@UNIQUE_CHECKS, UNIQUE_CHECKS=0 */;
/*!40014 SET @OLD_FOREIGN_KEY_CHECKS=@@FOREIGN_KEY_CHECKS, FOREIGN_KEY_CHECKS=0 */;
/*!40101 SET @OLD_SQL_MODE=@@SQL_MODE, SQL_MODE='NO_AUTO_VALUE_ON_ZERO' */;
/*!40111 SET @OLD_SQL_NOTES=@@SQL_NOTES, SQL_NOTES=0 */;
CREATE DATABASE /*!32312 IF NOT EXISTS*/`kqc2` /*!40100 DEFAULT CHARACTER SET latin1 */;

USE `kqc2`;

/*Table structure for table `artikel` */

DROP TABLE IF EXISTS `artikel`;

CREATE TABLE `artikel` (
  `id_artikel` int(5) NOT NULL AUTO_INCREMENT,
  `username` varchar(30) COLLATE latin1_general_ci NOT NULL,
  `judul_artikel` varchar(100) COLLATE latin1_general_ci NOT NULL,
  `judul_seo_artikel` varchar(100) COLLATE latin1_general_ci NOT NULL,
  `isi_artikel` text CHARACTER SET utf8 COLLATE utf8_unicode_ci NOT NULL,
  `hari` varchar(20) COLLATE latin1_general_ci NOT NULL,
  `tanggal` date NOT NULL,
  `jam` time NOT NULL,
  `gambar` varchar(100) COLLATE latin1_general_ci NOT NULL,
  `dibaca` int(5) NOT NULL DEFAULT '1',
  `tag` varchar(100) COLLATE latin1_general_ci NOT NULL,
  PRIMARY KEY (`id_artikel`)
) ENGINE=MyISAM AUTO_INCREMENT=9 DEFAULT CHARSET=latin1 COLLATE=latin1_general_ci;

/*Data for the table `artikel` */

insert  into `artikel`(`id_artikel`,`username`,`judul_artikel`,`judul_seo_artikel`,`isi_artikel`,`hari`,`tanggal`,`jam`,`gambar`,`dibaca`,`tag`) values (1,'Admin','Doa Pemimpin','doa-pemimpin','<p>“Dan saudaraku Harun” Pinta Musa AS kepada Allah swt, saat beban kenabian ditaruh pada pundaknya, “maka utuslah dia bersamaku sebagai pembantuku untuk membenarkan (perkataan)ku; sesungguhnya aku khawatir mereka akan mendustakanku”</p>\r\n\r\n<p>Nabi Musa menyadari dirinya bukanlah seorang yang pandai berbicara. Sementara disisi yang lain Fir’aun, yang menjadi seterunya, memiliki segalanya. Harta berlimpah, kuasa tak tergoyah dan lidah yang pandai berdialektika.</p>\r\n\r\n<p>Allah pun mengabulkannya. Musa dan Harun berjalan beriringan di jalan dakwah. Keduanya harus memimpin kaum yang sukar ditata serta seorang raja yang sangat besar kuasanya. Kehadiran Harun melengkapi Tongkat Musa, salah satu mukjizat lainnya. Hingga akhirnya mereka berhasil memuncaki perdebatan dan pertarungan.</p>\r\n\r\n<p>Doa serupa juga pernah dipanjatkan oleh Rasulullah saw di awal-awal dakwahnya. Saat tekanan semakin berat dirasakan, dengan khusyu Rasulullah memanjat do’a, “Ya Allah, muliakanlah Islam dengan salah seorang dari dua orang yang lebih Engkau cintai; Umar bin Khattab atau Abu Jahal bin Hisyam”.</p>\r\n\r\n<p>Keduanya merupakan orang yang kuat dari kaum Quraisy. Rasulullah yakin jika salah satu berhasil masuk Islam maka ini akan menjadi syiar yang bagus sekaligus akan semakin menguatkan dakwah. Maka Umar bin Khattab lah yang dipilih Allah untuk menemani Muhammad saw. Sejak itu, atas ijin Allah tentunya, dakwah Islam semakin terbuka dan tak terbendung.</p>\r\n\r\n<p>Dua fragmen diatas memberi hikmah seorang pemimpin adalah orang yang mengerti dengan kekurangannya. Musa sadar ia bukanlah orang yang pandai bicara. Maka untuk menghadapi seorang fir’aun dibutuhkan orang yang juga hebat dalam dialektika. Begitu juga Muhammad saw, yang membutuhkan orang yang kuat untuk melengkapi kepingan puzzlenya.</p>\r\n\r\n<p>Pemimpin bukanlah orang yang digdaya dan bisa menepuk dada seenaknya. Pemimpin juga bukan orang yang serba bisa lalu merasa dirinya sendiri bisa menaklukkan dunia. Sebaliknya pemimpin adalah orang yang menyadari ketidakbisaannya lalu memilih orang yang tepat untuk melengkapi dirinya.</p>\r\n\r\n<p>Dari Rasulullah saw pula kita belajar tentang membaca karakter seseorang. Beliau pernah mendoakan Abdullah Ibnu Abbad, “Ya Allah, berilah ia kepahaman agama dan Al-Qur’an” kelak sejarah mencatat Abdullah Ibnu Abbas dikenal sebagai seorang ahli Hadis, ahli Tafsir, ahli Fikih. Ia menjadi tempat rujukan banyak orang bahkan para sahabat yang lebih tua darinya.</p>\r\n\r\n<p>Doa pemimpin adalah doa tentang kebaikan. Maka Allah swt pernah menegur Musa saat ia berkata, “Ana a`lam al-qaum” (Aku orang paling pandai di negeri ini). Sepintas apa yang dikatakan oleh Musa dapat dianggap wajar terlebih yang dihadapinya saat itu adalah Fir’aun yang dikenal digdaya dan penuh kuasa. Namun, Allah swt memandang pernyataan Musa berlebihan. Musa lalu ditegur dan mendapat pembelajaran lewat seorang Nabi Khidir. Tidak cukup sampai disitu Allah swt pun meluruskan Nabi Musa dengan mengajarkan doa yang penuh kebaikan, “Rabbi zidni `ilman”(Ya Allah tambahkan kepadaku ilmu pengetahuan).</p>\r\n\r\n<p>Begitulah, doa pemimpin adalah doa yang penuh kebaikan. Ia tidak mendahulukan ke-aku-an sebaliknya doa pemimpin adalah doa yang menggerakkan siapa yang dipimpinnya. Misinya adalah membawa kesuksesan kepada orang lain bukan dirinya.</p>\r\n\r\n<blockquote>\r\n<p>Sebagaimana pesan yang disampaikan oleh KH. Ahmad Jameel beberapa waktu lalu, “Kesuksesan kita adalah bagaimana membuat jalan kesuksesan bagi orang lain”</p>\r\n</blockquote>','Sabtu','2018-07-14','18:51:13','2780d44da9f34823e79600bacf364a87.jpg',0,'mobil,komputer'),(7,'Administrator','Hukum Islam Tentang Makanan dan Minuman','hukum-islam-tentang-makanan-dan-minuman','<p>Dunia di era globalisari memang serba memusingkan. Mau ini salah, mau itu juga salah. Karena kita telah mengenal segala sesuatu dengan cara pintas dan tidak baik. Banyak terjadi kemungkaran di mana-mana. Termasuk makanan dan minuman yang haram. Berikut penjelasannya</p>\r\n\r\n<p> </p>\r\n\r\n<p><strong><strong>A) Pengertian Makanan dan Minuman Halal</strong></strong></p>\r\n\r\n<p>Pada prinsipnya semua makanan dan minuman yang asd di dunia ini halal semua untuk dimakan dan diminum kecuali ada larangan dari Allah yaitu yang terdapat dalam Al Qur’an dan yang terdapat dalam hadist Nabi Muhammad SAW.</p>\r\n\r\n<p>Tiap benda di permukaan bumi menurut hukum asalnya adalah halal kecuali kalau ada larangan secara syar’i. Dalam sebuah hadist Rosulullah SAW pernah ditanyapara sahabat tentang hukum minyak sapi (samin), keju, kulit binatangbeserta bulunya untuk perhiasan maupun untuk tempat duduk.</p>\r\n\r\n<p><a name=\"more\"></a></p>\r\n\r\n<p> </p>\r\n\r\n<p><strong>1). Makanan Yang Dihalalkan Allah SWT</strong></p>\r\n\r\n<p>Segala jenis makanan apa saja yang ada di dunia halal untuk dimakan kecuali ada  larangan  dari Allah SWT dan Nabi Muhammad SAW untuk dimakan. Agama Islam  menganjurkan kepada pemeluknya untuk memakan makanan yang halal dan baik.  Makanan “halal” maksudnya makanan yang diperoleh dari usaha yang diridhai Allah.  Sedangkan makanan yang baik adalah yang bermanfaat bagi tubuh, atau makanan bergizi.</p>\r\n\r\n<p>Makanan yang enak dan lezat belum tentu baik untuk tubuh, dan boleh jadi makanan  tersebut berbahaya bagi kesehatan. Selanjutnya makanan yang tidak halal bisa mengganggu  kesehatan rohani. Daging yang tumbuh dari makanan haram, akan dibakar di hari kiamat  dengan api neraka.</p>\r\n\r\n<p>Makanan halal dari segi jenis ada tiga : (1) Berupa hewan yang ada di darat maupun  di laut, seperti kelinci, ayam, kambing, sapi, burung, ikan. (2) Berupa nabati (tumbuhan)  seperti padi, buah-buahan, sayur-sayuran dan lain-lain. (3) Berupa hasil bumi yang lain  seperti garam semua.</p>\r\n\r\n<p>Makanan yang halal dari usaha yang diperolehnya, yaitu :</p>\r\n\r\n<p>1). Halal makanan dari hasil bekerja yang diperoleh dari usaha yang lain seperti bekerja sebagai buruh, petani, pegawai, tukang, sopir, dll.</p>\r\n\r\n<p>2). Halal makanan dari mengemis yang diberikan secara ikhlas, namun pekerjaan itu halal , tetapi dibenci Allah seperti pengamen.</p>\r\n\r\n<p>3). Halal makanan dari hasil sedekah, zakat, infak, hadiah, tasyakuran, walimah, warisan, wasiat, dll.</p>\r\n\r\n<p>4). Halal makanan dari rampasan perang yaitu makanan yang didapat dalam peperangan (ghoniyah).</p>\r\n\r\n<p> </p>\r\n\r\n<p> </p>\r\n\r\n<p> </p>\r\n\r\n<p> </p>\r\n\r\n<p><strong>2). Minuman Yang Dihalalkan</strong></p>\r\n\r\n<p>Segala jenis minuman apa saja yang ada di dunia ini halal untuk diminum kecuali ada  larangan yang mengharamkan dari Allah dan Nabi Muhammad SAW.</p>\r\n\r\n<p>Minuman halal menurut jenisnya ada tiga, yaitu :</p>\r\n\r\n<p>1). Halal minuman yang dihasilkan oleh hewani seperti susu sapi, madu, minyak samin, dll.</p>\r\n\r\n<p>2). Halal minuman yang dihasilkan oleh tumbuhan seperti jice wortel, juice jeruk, juice anggur, juice tomat, juice avokad, dll.</p>\r\n\r\n<p><strong>B).</strong><strong> </strong><strong>Manfaat Makanan Dan Minuman Dihalalkan</strong></p>\r\n\r\n<p>Makanan dan minuman yang halalan thoyyibah atau halal dan baik serta bergizi tentu sangat berguna bagi kita, baik untuk kebutuhan jasmani dan rohani. Apabila makanan dan minuman yang didapatkan dari hasil yang halal tentu sangat berguna untuk diri kita dan keluarga kita. Hasil dari makanan minuman yang halal sangat membawa berkah, barakah bukan bererti jumlahnya banyak, meskipun sedikit, namun uang itu cukup untuk mencukupi kebutuhan sahari-hari dan juga bergizi tinggi. Bermanfaat bagi pertumbuhan tubuh dan perkembangan otak. Lain halnya dengan hasil dan jenis barang yang memang haram, meskipun banyak sekali, tapi tidak barokah, maka Allah menyulitkan baginya rahmat sehingga uangnnya terbuang banyak hingga habis dalam waktu singkat.</p>\r\n\r\n<p>Diantara beberapa manfaat menggunakan makanan dan minuman halal, yaitu :</p>\r\n\r\n<p>1). Membawa ketenangan hidup dalam kegiatan sehari-hari,</p>\r\n\r\n<p>2). ­­­dapat menjaga kesehatan jasmani dan rohani,</p>\r\n\r\n<p>3). Mendapat perlindungan dari Allah SWT,</p>\r\n\r\n<p>4). Mendapatkan iman dan ketaqwaan kepada Allah SWT,</p>\r\n\r\n<p>5). Tercermin kepribadian yang jujur dalam hidupnya dan sikap apa adanya,</p>\r\n\r\n<p>6). Rezeki yang diperolehnya membawa barokah dunia akhirat. </p>\r\n\r\n<p><strong>C).</strong><strong> </strong><strong>Dalil Naqli tentang Makanan dan Minuman Halal.</strong></p>\r\n\r\n<p>1).</p>\r\n\r\n<p> </p>\r\n\r\n<p> </p>\r\n\r\n<p><em>“… Barang yang di halalkan oleh Allah dalam kitab-Nya adalah halal, dan barang yang diharamkan oleh Allah dalam kitab-Nya adalah haram. Dan sesuatu yang tidak dilarang-Nya, mak barang itu termasuk yang diafkan-Nya, sebagai kemudahan bagi kamu.”(HR. Ibnu Majah dan Tirmidzi) Fiqih sunnah oleh Sulaiman Ar Rasyid).</em></p>\r\n\r\n<p>2).</p>\r\n\r\n<p><a href=\"http://3.bp.blogspot.com/_mZliW7SBnRo/S5c28tg7UlI/AAAAAAAAAEs/o6WarA11ls8/s1600-h/Al+quran.png\"><img alt=\"\" src=\"http://3.bp.blogspot.com/_mZliW7SBnRo/S5c28tg7UlI/AAAAAAAAAEs/o6WarA11ls8/s400/Al+quran.png\" xss=removed></a></p>\r\n\r\n<p><em>“Dan makanlah makan yang halal lagi bik dari apa yang Allah telah telah berikan rezekinya kepadmu bertaqwalah pada Allah yang kamu beriman pada-Nya.”(QS. Al Maidah : 88).</em></p>\r\n\r\n<p>3).</p>\r\n\r\n<p><a href=\"http://1.bp.blogspot.com/_mZliW7SBnRo/S5c4QYM-cMI/AAAAAAAAAE0/kKVOHeRP4VI/s1600-h/Al+quran.png\"><img alt=\"\" src=\"http://1.bp.blogspot.com/_mZliW7SBnRo/S5c4QYM-cMI/AAAAAAAAAE0/kKVOHeRP4VI/s400/Al+quran.png\" xss=removed></a></p>\r\n\r\n<p><em>“Dia telah menurunkan air hujan dari langit untuk kamu, sebagian menjadi minuman dan sebagainnya (menyuburkannya) tumbuhan-tumbuhan yang ada (tempat tumbuhnya) kamu menggembalakan ternakmu.”(QS.An Nahl : 10)</em></p>\r\n\r\n<p>4).</p>\r\n\r\n<p><a href=\"http://3.bp.blogspot.com/_mZliW7SBnRo/S5c42VYsn1I/AAAAAAAAAE8/m9mzGm50uvE/s1600-h/Al+quran.png\"><img alt=\"\" src=\"http://3.bp.blogspot.com/_mZliW7SBnRo/S5c42VYsn1I/AAAAAAAAAE8/m9mzGm50uvE/s400/Al+quran.png\" xss=removed></a></p>\r\n\r\n<p><em>“Wahai orang beriman sesungguhnya arak 9khimar), berjudi, qurban untuk berhala, undian dengan panah adalah dosa dan termasuk perbuatan syaitan, maka juhilah agar kamu mendapat keberuntungan (QS.Al Maidah :90)</em></p>\r\n\r\n<p>6). </p>\r\n\r\n<p> </p>\r\n\r\n<p><em>“Sesungguhnya Sa’ad Ibnu Ubayyin mohon pada Rosulullah SAW agar didoakan kepada Allah supaya doanya diterima (mustajab), maka beliau bersabda kepadanya : “Perbaiki makanan, niscaya diterima doa-doamu “(HR. Tabrani)</em></p>\r\n\r\n<p>7). </p>\r\n\r\n<p> </p>\r\n\r\n<p><a href=\"http://4.bp.blogspot.com/_mZliW7SBnRo/S5c5Tc_lwJI/AAAAAAAAAFE/DK9QI-HPJ_8/s1600-h/Al+quran.png\"><img alt=\"\" src=\"http://4.bp.blogspot.com/_mZliW7SBnRo/S5c5Tc_lwJI/AAAAAAAAAFE/DK9QI-HPJ_8/s400/Al+quran.png\" xss=removed></a></p>\r\n\r\n<p><em>“Maka makanlah rezeki yang halal lagi suci yang telah diberikan Allah pada kamu…”(QS. An Nahl :114)</em></p>\r\n\r\n<p><strong>D). Pengertian Makanan dan Minuman Haram</strong></p>\r\n\r\n<p>Banyak terjadi salah sangka dari masyarakat bahwa menjari rezeki yang haram saja sulit, apalagi yang halal. Hal itu malah memicu banyak kesalahapahaman tentang halal dan haram suatu rezeki. Akhirnya, banyak masyarakat menghalalkan segala cara untuk mencari rezeki, padahal belum tentu halal. Kita sebagai orang bertaqwa hendaknya menghindari hal itu dengan banyak mempelajari Al Qur’an dan Hadist tentang pengertian halal dan haram.</p>\r\n\r\n<p> </p>\r\n\r\n<p><strong>1). Makanan Yang Diharamkan</strong></p>\r\n\r\n<p>Makanan yang diharamkan agama, yaitu makanan dan minuman yang diharamkan  di dalam Al Qur’an dan Al Hadist, bila tidak terdapat petunjuk yang melarang, berarti halal.</p>\r\n\r\n<p>Haramnya makanan secara garis besar dapat dibagi dua macam :</p>\r\n\r\n<p>a). Haram aini, ditinjau dari sifat benda seperti daging babi, darang, dan bangkai. Haram karena sifat tersebut, ada tiga :</p>\r\n\r\n<p>1). Berupa hewani yaitu haramnya suatu makanan yang berasal dari hewan seperti daging babi, anjing, ulat, buaya, darah hewan itu, nanah dll.</p>\r\n\r\n<p>2). Berupa nabati (tumbuhan), yaitu haramnya suatu makanan yang berasal dari tumbuhan seperti kecubung, ganja, buah, serta daun beracun. Minuman buah aren, candu, morfin, air tape yang telah bertuak berasalkan ubi, anggur yang menjadi tuak dan jenis lainnya yang dimakan banyak kerugiannya.</p>\r\n\r\n<p>3). Benda yang berasal dari perut bumi, apabila dimakan orang tersebut, akan mati atau membahayakan dirinya, seperti timah, gas bumi. Solar, bensin, minyak tanah, dan lainnya.</p>\r\n\r\n<p>b). Haram sababi, ditinjau dari hasil usaha yang tidak dihalalkan olah agama. Haram sababi banyak macamnya, yaitu :</p>\r\n\r\n<p>1). Makanan haram yang diperoleh dari usaha dengan cara dhalim, seperti mencuri, korupsi, menipu, merampok, dll.</p>\r\n\r\n<p>2). Makanan haram yang diperoleh dari hasil judi, undian harapan, taruhan, menang togel, dll.</p>\r\n\r\n<p>3). Hasil haram karena menjual makanan dan minuman haram seperti daging babi, , miras, kemudian dibelikan makanan dan minuman.</p>\r\n\r\n<p>4). Hasil haram karena telah membungakan dengan riba, yaitu menggandakan uang.</p>\r\n\r\n<p>5). Hasil memakan harta anak yatim dengan boros / tidak benar.</p>\r\n\r\n<p> </p>\r\n\r\n<p><strong>2). Minuman Yang Diharamkan</strong></p>\r\n\r\n<p>Pada prinsipnya segala minuman apa saja halal untuk diminum selama tidak ada ayat  Al Qur”an dan Hadist yang mengharamkannya. Bila haram, namun masih dikonsumsi  dan dilakukan, maka niscaya tidak barokah, malah membuat penyakit di badan.</p>\r\n\r\n<p>Minuman yang haram secara garis besar, yakni :</p>\r\n\r\n<p>a). Berupa hewani yang haramnya suatu minuman dari hewan, seperti darah sapi, darah kerbau, bahkan darah untuk obat seperti darah ular, darah anjing, dan lain-lain.</p>\r\n\r\n<p>b). Berupa nabati atau tumbuhan seperti tuak dari buah aren, candu, morfin, air tape bertuak dari bahan ubi, anggur telah bertuak, dan lain sebagainya.</p>\r\n\r\n<p>c). Berupa berasal dari perut bumi yaitu : haram diminum sepeti solar, bensin, spiritus, dan lainnya yang membahayakan.</p>\r\n\r\n<p><strong>E).</strong><strong> </strong><strong>Mudlarat Makanan dan Minuman Haram</strong></p>\r\n\r\n<p>Makanan dan minuman haram, selain dilarang oleh Allah, juga mengandung lebih  banyak mudlarat (kejelekan) daripada kebaikannya. Hasil haram meskipun banyak, namun  tidak barokah atau cepat habis dibandingkan yang halal dan barokah.</p>\r\n\r\n<p>Dan juga makan haram merugikan orang lain yang tidak mengetahui hasil dari perbuatan haram itu. Sehingga teman, kerabat iktu terkena getahnya. Dan juga yang mencari rezeki haram tidak tenang dalam hidupnya apalagi dalam jumlah bayak dan besar karena takut diketahui dan mencemarkan nama baiknya dan keluarga sanak familinya.</p>\r\n\r\n<p>Ada beberapa mudlarat lainnya, yaitu :</p>\r\n\r\n<p>1). Doa yang dilakukan oleh pengkonsumsi makanan dan minuman haram, tidak mustajabah (maqbul).</p>\r\n\r\n<p>2). Uangnya banyak, namun tidak barokah, diakibatkan karena syetan mengarahkannya kepada kemaksiatan dengan uang itu.</p>\r\n\r\n<p>3). Rezeki yang haram tidak barokah dan hidupnnya tidak tenang.</p>\r\n\r\n<p>4). Nama baik, kepercaan, dan martabatnya jatuh bila ketahuan.</p>\r\n\r\n<p>5). Berdosa, karena telaha malanggar aturan Allah</p>\r\n\r\n<p>6). Merusak secara jasmani dan rohani kita.</p>\r\n\r\n<p><strong>F). Menerapkan Ketentuan Makan dan Minuman Halal dan Haram</strong></p>\r\n\r\n<p>Banyaknya makanan dan minuman, belum tentu membawa nikmat. Namun, sedikit  tapi barokah karena halal, itu jauh lebih baik. Dan menjadi penyelamat keluarga dan sanaksaudara dari hasil haram bila dibagikan.</p>\r\n\r\n<p>Kita sebagai muslim seharusnya makan dan minum yang halal, karena kita selalu beribadah kepda Allah. Bila kita mengacuhkan aturannya, bukan tidak mungkin allah memutuskan pindu rahmat, barokah, dan doanya tidak mustajabah (terkabul).</p>\r\n\r\n<p>Sikap kita terhadap makanan dan minuman haram :</p>\r\n\r\n<p>1). Hendaknya tidak makan dan minum yang hasil maksiat ataupun haram</p>\r\n\r\n<p>2). Sebaiknya makan dan minum secukupnya.</p>\r\n\r\n<p>3). Menghindari makanan dan minuman yang membahayakan tubuh.</p>\r\n\r\n<p>4). Menghindari menghalalkan segala cara untuk mendapatkan makanan dan minuman. </p>\r\n\r\n<p>5). Menghindari perbuatan menghalalkan segala cara untuk mendapatkan rezeki. </p>\r\n\r\n<p>Melalui ulasan diatas, kita sebaiknya berhati-hati. Apalagi sekarang sedang merebahnya virus dan penyakit yang di dapat dari hewan yang haram (misal babi mengandung virus H5N1) dan masih banyak lagi yang lain yang mungkin tidak kita ketahui.</p>\r\n\r\n<p><em>Wallahu a&#39;lam bish showab.***</em></p>\r\n\r\n<p><br>\r\n<br>\r\nRead more: <a href=\"http://firmanazka.blogspot.com/2009/11/hukum-islam-tentang-makanan-dan-minuman.html#ixzz5OVbTn1TW\">Hukum Islam Tentang Makanan dan Minuman ~ Kehidupan Islam</a> <a href=\"http://firmanazka.blogspot.com/2009/11/hukum-islam-tentang-makanan-dan-minuman.html#ixzz5OVbTn1TW\">http://firmanazka.blogspot.com/2009/11/hukum-islam-tentang-makanan-dan-minuman.html#ixzz5OVbTn1TW</a> <br>\r\nhttp://firmanazka.blogspot.com <br>\r\n<br>\r\n<br>\r\nRead more: <a href=\"http://firmanazka.blogspot.com/2009/11/hukum-islam-tentang-makanan-dan-minuman.html#ixzz5OVbTo6go\">Hukum Islam Tentang Makanan dan Minuman ~ Kehidupan Islam</a> <a href=\"http://firmanazka.blogspot.com/2009/11/hukum-islam-tentang-makanan-dan-minuman.html#ixzz5OVbTo6go\">http://firmanazka.blogspot.com/2009/11/hukum-islam-tentang-makanan-dan-minuman.html#ixzz5OVbTo6go</a> <br>\r\nhttp://firmanazka.blogspot.com <br>\r\n<br>\r\n<br>\r\nRead more: <a href=\"http://firmanazka.blogspot.com/2009/11/hukum-islam-tentang-makanan-dan-minuman.html#ixzz5OVbToimv\">Hukum Islam Tentang Makanan dan Minuman ~ Kehidupan Islam</a> <a href=\"http://firmanazka.blogspot.com/2009/11/hukum-islam-tentang-makanan-dan-minuman.html#ixzz5OVbToimv\">http://firmanazka.blogspot.com/2009/11/hukum-islam-tentang-makanan-dan-minuman.html#ixzz5OVbToimv</a> <br>\r\nhttp://firmanazka.blogspot.com <br>\r\n<br>\r\n<br>\r\nRead more: <a href=\"http://firmanazka.blogspot.com/2009/11/hukum-islam-tentang-makanan-dan-minuman.html#ixzz5OVbTpEqT\">Hukum Islam Tentang Makanan dan Minuman ~ Kehidupan Islam</a> <a href=\"http://firmanazka.blogspot.com/2009/11/hukum-islam-tentang-makanan-dan-minuman.html#ixzz5OVbTpEqT\">http://firmanazka.blogspot.com/2009/11/hukum-islam-tentang-makanan-dan-minuman.html#ixzz5OVbTpEqT</a> <br>\r\nhttp://firmanazka.blogspot.com <br>\r\n<br>\r\n<br>\r\nRead more: <a href=\"http://firmanazka.blogspot.com/2009/11/hukum-islam-tentang-makanan-dan-minuman.html#ixzz5OVbTpslc\">Hukum Islam Tentang Makanan dan Minuman ~ Kehidupan Islam</a> <a href=\"http://firmanazka.blogspot.com/2009/11/hukum-islam-tentang-makanan-dan-minuman.html#ixzz5OVbTpslc\">http://firmanazka.blogspot.com/2009/11/hukum-islam-tentang-makanan-dan-minuman.html#ixzz5OVbTpslc</a> <br>\r\nhttp://firmanazka.blogspot.com <br>\r\n<br>\r\n<br>\r\nRead more: <a href=\"http://firmanazka.blogspot.com/2009/11/hukum-islam-tentang-makanan-dan-minuman.html#ixzz5OVbTqQFS\">Hukum Islam Tentang Makanan dan Minuman ~ Kehidupan Islam</a> <a href=\"http://firmanazka.blogspot.com/2009/11/hukum-islam-tentang-makanan-dan-minuman.html#ixzz5OVbTqQFS\">http://firmanazka.blogspot.com/2009/11/hukum-islam-tentang-makanan-dan-minuman.html#ixzz5OVbTqQFS</a> <br>\r\nhttp://firmanazka.blogspot.com <br>\r\n<br>\r\n<br>\r\nRead more: <a href=\"http://firmanazka.blogspot.com/2009/11/hukum-islam-tentang-makanan-dan-minuman.html#ixzz5OVbTr5lp\">Hukum Islam Tentang Makanan dan Minuman ~ Kehidupan Islam</a> <a href=\"http://firmanazka.blogspot.com/2009/11/hukum-islam-tentang-makanan-dan-minuman.html#ixzz5OVbTr5lp\">http://firmanazka.blogspot.com/2009/11/hukum-islam-tentang-makanan-dan-minuman.html#ixzz5OVbTr5lp</a> <br>\r\nhttp://firmanazka.blogspot.com <br>\r\n<br>\r\n<br>\r\nRead more: <a href=\"http://firmanazka.blogspot.com/2009/11/hukum-islam-tentang-makanan-dan-minuman.html#ixzz5OVbTrq7F\">Hukum Islam Tentang Makanan dan Minuman ~ Kehidupan Islam</a> <a href=\"http://firmanazka.blogspot.com/2009/11/hukum-islam-tentang-makanan-dan-minuman.html#ixzz5OVbTrq7F\">http://firmanazka.blogspot.com/2009/11/hukum-islam-tentang-makanan-dan-minuman.html#ixzz5OVbTrq7F</a> <br>\r\nhttp://firmanazka.blogspot.com <br>\r\n<br>\r\n<br>\r\nRead more: <a href=\"http://firmanazka.blogspot.com/2009/11/hukum-islam-tentang-makanan-dan-minuman.html#ixzz5OVbTsa6p\">Hukum Islam Tentang Makanan dan Minuman ~ Kehidupan Islam</a> <a href=\"http://firmanazka.blogspot.com/2009/11/hukum-islam-tentang-makanan-dan-minuman.html#ixzz5OVbTsa6p\">http://firmanazka.blogspot.com/2009/11/hukum-islam-tentang-makanan-dan-minuman.html#ixzz5OVbTsa6p</a> <br>\r\nhttp://firmanazka.blogspot.com <br>\r\n<br>\r\n<br>\r\nRead more: <a href=\"http://firmanazka.blogspot.com/2009/11/hukum-islam-tentang-makanan-dan-minuman.html#ixzz5OVbTtIVU\">Hukum Islam Tentang Makanan dan Minuman ~ Kehidupan Islam</a> <a href=\"http://firmanazka.blogspot.com/2009/11/hukum-islam-tentang-makanan-dan-minuman.html#ixzz5OVbTtIVU\">http://firmanazka.blogspot.com/2009/11/hukum-islam-tentang-makanan-dan-minuman.html#ixzz5OVbTtIVU</a> <br>\r\nhttp://firmanazka.blogspot.com <br>\r\n<br>\r\n<br>\r\nRead more: <a href=\"http://firmanazka.blogspot.com/2009/11/hukum-islam-tentang-makanan-dan-minuman.html#ixzz5OVbTu8U8\">Hukum Islam Tentang Makanan dan Minuman ~ Kehidupan Islam</a> <a href=\"http://firmanazka.blogspot.com/2009/11/hukum-islam-tentang-makanan-dan-minuman.html#ixzz5OVbTu8U8\">http://firmanazka.blogspot.com/2009/11/hukum-islam-tentang-makanan-dan-minuman.html#ixzz5OVbTu8U8</a> <br>\r\nhttp://firmanazka.blogspot.com <br>\r\n<br>\r\n<br>\r\nRead more: <a href=\"http://firmanazka.blogspot.com/2009/11/hukum-islam-tentang-makanan-dan-minuman.html#ixzz5OVbTut4j\">Hukum Islam Tentang Makanan dan Minuman ~ Kehidupan Islam</a> <a href=\"http://firmanazka.blogspot.com/2009/11/hukum-islam-tentang-makanan-dan-minuman.html#ixzz5OVbTut4j\">http://firmanazka.blogspot.com/2009/11/hukum-islam-tentang-makanan-dan-minuman.html#ixzz5OVbTut4j</a> <br>\r\nhttp://firmanazka.blogspot.com <br>\r\n<br>\r\n<br>\r\nRead more: <a href=\"http://firmanazka.blogspot.com/2009/11/hukum-islam-tentang-makanan-dan-minuman.html#ixzz5OVbTvlKO\">Hukum Islam Tentang Makanan dan Minuman ~ Kehidupan Islam</a> <a href=\"http://firmanazka.blogspot.com/2009/11/hukum-islam-tentang-makanan-dan-minuman.html#ixzz5OVbTvlKO\">http://firmanazka.blogspot.com/2009/11/hukum-islam-tentang-makanan-dan-minuman.html#ixzz5OVbTvlKO</a> <br>\r\nhttp://firmanazka.blogspot.com <br>\r\n<br>\r\n<br>\r\nRead more: <a href=\"http://firmanazka.blogspot.com/2009/11/hukum-islam-tentang-makanan-dan-minuman.html#ixzz5OVbTwWhV\">Hukum Islam Tentang Makanan dan Minuman ~ Kehidupan Islam</a> <a href=\"http://firmanazka.blogspot.com/2009/11/hukum-islam-tentang-makanan-dan-minuman.html#ixzz5OVbTwWhV\">http://firmanazka.blogspot.com/2009/11/hukum-islam-tentang-makanan-dan-minuman.html#ixzz5OVbTwWhV</a> <br>\r\nhttp://firmanazka.blogspot.com <br>\r\n<br>\r\n<br>\r\nRead more: <a href=\"http://firmanazka.blogspot.com/2009/11/hukum-islam-tentang-makanan-dan-minuman.html#ixzz5OVbTxJ8e\">Hukum Islam Tentang Makanan dan Minuman ~ Kehidupan Islam</a> <a href=\"http://firmanazka.blogspot.com/2009/11/hukum-islam-tentang-makanan-dan-minuman.html#ixzz5OVbTxJ8e\">http://firmanazka.blogspot.com/2009/11/hukum-islam-tentang-makanan-dan-minuman.html#ixzz5OVbTxJ8e</a> <br>\r\nhttp://firmanazka.blogspot.com <br>\r\n<br>\r\n<br>\r\nRead more: <a href=\"http://firmanazka.blogspot.com/2009/11/hukum-islam-tentang-makanan-dan-minuman.html#ixzz5OVbTyDUm\">Hukum Islam Tentang Makanan dan Minuman ~ Kehidupan Islam</a> <a href=\"http://firmanazka.blogspot.com/2009/11/hukum-islam-tentang-makanan-dan-minuman.html#ixzz5OVbTyDUm\">http://firmanazka.blogspot.com/2009/11/hukum-islam-tentang-makanan-dan-minuman.html#ixzz5OVbTyDUm</a> <br>\r\nhttp://firmanazka.blogspot.com <br>\r\n<br>\r\n<br>\r\nRead more: <a href=\"http://firmanazka.blogspot.com/2009/11/hukum-islam-tentang-makanan-dan-minuman.html#ixzz5OVbTzDR0\">Hukum Islam Tentang Makanan dan Minuman ~ Kehidupan Islam</a> <a href=\"http://firmanazka.blogspot.com/2009/11/hukum-islam-tentang-makanan-dan-minuman.html#ixzz5OVbTzDR0\">http://firmanazka.blogspot.com/2009/11/hukum-islam-tentang-makanan-dan-minuman.html#ixzz5OVbTzDR0</a> <br>\r\nhttp://firmanazka.blogspot.com </p>','Sabtu','2018-08-18','13:29:43','3d560808610583f7779dfdd05ba4f7aa.jpg',0,'mobil,google'),(4,'Administrator','Doa Pemimpin 3','doa-pemimpin-3','<p>“Dan saudaraku Harun” Pinta Musa AS kepada Allah swt, saat beban kenabian ditaruh pada pundaknya, “maka utuslah dia bersamaku sebagai pembantuku untuk membenarkan (perkataan)ku; sesungguhnya aku khawatir mereka akan mendustakanku”</p>\r\n\r\n<p>Nabi Musa menyadari dirinya bukanlah seorang yang pandai berbicara. Sementara disisi yang lain Fir’aun, yang menjadi seterunya, memiliki segalanya. Harta berlimpah, kuasa tak tergoyah dan lidah yang pandai berdialektika.</p>\r\n\r\n<p>Allah pun mengabulkannya. Musa dan Harun berjalan beriringan di jalan dakwah. Keduanya harus memimpin kaum yang sukar ditata serta seorang raja yang sangat besar kuasanya. Kehadiran Harun melengkapi Tongkat Musa, salah satu mukjizat lainnya. Hingga akhirnya mereka berhasil memuncaki perdebatan dan pertarungan.</p>\r\n\r\n<p>Doa serupa juga pernah dipanjatkan oleh Rasulullah saw di awal-awal dakwahnya. Saat tekanan semakin berat dirasakan, dengan khusyu Rasulullah memanjat do’a, “Ya Allah, muliakanlah Islam dengan salah seorang dari dua orang yang lebih Engkau cintai; Umar bin Khattab atau Abu Jahal bin Hisyam”.</p>\r\n\r\n<p>Keduanya merupakan orang yang kuat dari kaum Quraisy. Rasulullah yakin jika salah satu berhasil masuk Islam maka ini akan menjadi syiar yang bagus sekaligus akan semakin menguatkan dakwah. Maka Umar bin Khattab lah yang dipilih Allah untuk menemani Muhammad saw. Sejak itu, atas ijin Allah tentunya, dakwah Islam semakin terbuka dan tak terbendung.</p>\r\n\r\n<p>Dua fragmen diatas memberi hikmah seorang pemimpin adalah orang yang mengerti dengan kekurangannya. Musa sadar ia bukanlah orang yang pandai bicara. Maka untuk menghadapi seorang fir’aun dibutuhkan orang yang juga hebat dalam dialektika. Begitu juga Muhammad saw, yang membutuhkan orang yang kuat untuk melengkapi kepingan puzzlenya.</p>\r\n\r\n<p>Pemimpin bukanlah orang yang digdaya dan bisa menepuk dada seenaknya. Pemimpin juga bukan orang yang serba bisa lalu merasa dirinya sendiri bisa menaklukkan dunia. Sebaliknya pemimpin adalah orang yang menyadari ketidakbisaannya lalu memilih orang yang tepat untuk melengkapi dirinya.</p>\r\n\r\n<p>Dari Rasulullah saw pula kita belajar tentang membaca karakter seseorang. Beliau pernah mendoakan Abdullah Ibnu Abbad, “Ya Allah, berilah ia kepahaman agama dan Al-Qur’an” kelak sejarah mencatat Abdullah Ibnu Abbas dikenal sebagai seorang ahli Hadis, ahli Tafsir, ahli Fikih. Ia menjadi tempat rujukan banyak orang bahkan para sahabat yang lebih tua darinya.</p>\r\n\r\n<p>Doa pemimpin adalah doa tentang kebaikan. Maka Allah swt pernah menegur Musa saat ia berkata, “Ana a`lam al-qaum” (Aku orang paling pandai di negeri ini). Sepintas apa yang dikatakan oleh Musa dapat dianggap wajar terlebih yang dihadapinya saat itu adalah Fir’aun yang dikenal digdaya dan penuh kuasa. Namun, Allah swt memandang pernyataan Musa berlebihan. Musa lalu ditegur dan mendapat pembelajaran lewat seorang Nabi Khidir. Tidak cukup sampai disitu Allah swt pun meluruskan Nabi Musa dengan mengajarkan doa yang penuh kebaikan, “Rabbi zidni `ilman”(Ya Allah tambahkan kepadaku ilmu pengetahuan).</p>\r\n\r\n<p>Begitulah, doa pemimpin adalah doa yang penuh kebaikan. Ia tidak mendahulukan ke-aku-an sebaliknya doa pemimpin adalah doa yang menggerakkan siapa yang dipimpinnya. Misinya adalah membawa kesuksesan kepada orang lain bukan dirinya.</p>\r\n\r\n<blockquote>\r\n<p>Sebagaimana pesan yang disampaikan oleh KH. Ahmad Jameel beberapa waktu lalu, “Kesuksesan kita adalah bagaimana membuat jalan kesuksesan bagi orang lain”</p>\r\n</blockquote>','Jumat','2018-08-17','14:05:36','33b6b2199ccc737caef1adddd5b41fdd.jpg',0,'mobil'),(6,'Administrator','Ini Tiga Kunci Cepat Belajar Alquran Selama 30 Menit','ini-tiga-kunci-cepat-belajar-alquran-selama-30-menit','<p>Ustaz Farid mengatakan, terdapat tiga kunci untuk lancar membaca Alquran dengan menggunakan metode tersebut. Pertama, seseorang itu harus menguasai huruf Alquran yang jumlahnya 30 huruf. Sementara, kunci yang kedua harus bisa menguasai tanda baca Alquran yang jumlahnya ada delapan tanda baca.</p>\r\n\r\n<p> </p>\r\n\r\n<p>\"Untuk bisa menguasai huruf dan tanda baca itu dibutuhkan waktu 30 menit. Setelah itu dilanjutkan dengan praktik,\" kata Ustaz Farid di Kantor Republika, Jakarta, Sabtu (24/2).</p>\r\n\r\n<p> </p>\r\n\r\n<p>Sementara, kunci yang ketiga, kata Ustaz Farid, dengan menguasai tajwid yang ada dalam Al-Quran. Dimana, untuk menguasai tajwid tersebut dapat dipraktekkan seiring dengan praktik yang dilakukan setelah kegiatan ini kedepannya.</p>\r\n\r\n<p> </p>\r\n\r\n<p> </p>\r\n\r\n<p><img alt=\"photo\" src=\"http://static.republika.co.id/uploads/images/headline_slide/0.68853300-1512814555-830-556.jpeg\"></p>\r\n\r\n<p> </p>\r\n\r\n<p> </p>\r\n\r\n<blockquote>Belajar Mengaji. Peserta sedang mengikuti kegiatan 30 Menit Bisa Membaca Alquran di Kantor Republika, Jalan Warung Buncit, Jakarta.</blockquote>\r\n\r\n<p> </p>\r\n\r\n<p> </p>\r\n\r\n<p> </p>\r\n\r\n<p> </p>\r\n\r\n<p>Namun untuk menguasai huruf Alquran tersebut dengan cepat, kata Ustaz Farid, juga ada beberapa teknik. Dimana, pertama dengan menyebut 30 huruf tersebut dengan nama latinnya. \"Contoh kalau huruf <em>alif</em> sama dengan A kalau latinnya, <em>hamzah</em> juga A, <em>Ain</em> juga A, jadi A ada tiga. Terus <em>dal, dho</em> itu disebut D semua. <em>Sin, Syin, Sod</em> itu S semua,\" kata Farid.</p>\r\n\r\n<p> </p>\r\n\r\n<p>Karena dalam satu huruf latin terdapat beberapa huruf Alquran, maka teknik membedakannya dengan diberi ciri-ciri terhadap huruf tersebut. Teknik tersebut merupakan teknik kedua untuk dapat menguasai 30 huruf tersebut.</p>\r\n\r\n<p> </p>\r\n\r\n<p>\"Contohnya <em>alif</em> atau A, itu ciri-cirinya lurus. Contohnya huruf S kalau di Alquran, bertemu dengan huruf yang giginya tiga, itu pasti S. Dan semua huruf yanh 30 itu ada ciri-cirinya semua,\" tambahnya.</p>\r\n\r\n<p> </p>\r\n\r\n<p>Setelah melalui dua teknik tersebut, maka selanjutnya dengan mengajari bagaimana melafalkan huruf tersebut dengan benar, sesuai dengan tajwid. \"Kalau orang udah tahu ciri-ciri huruf, biasanya kuat ingatannya, kuat memorinya untuk menghafal hurif-huruf tadi. Dengan ciri-ciri itu seseorang menjadi ringan untuk menghafal huruf dan melafalkannya setelah itu,\" kata Ustaz Farid.</p>\r\n\r\n<p> </p>\r\n\r\n<p> </p>\r\n\r\n<p><strong>Baca Juga: <a href=\"http://www.republika.co.id/berita/dunia-islam/islam-nusantara/18/02/24/p4niug396-ngaji-30-menit-supaya-masyarakat-melek-huruf-alquran\" target=\"_blank\"><em>Ngaji</em> 30 Menit Supaya Masyarakat Melek Huruf Alquran</a></strong></p>\r\n\r\n<p> </p>\r\n\r\n<p> </p>\r\n\r\n<p>Metode ini sendiri diciptakan, lanjut Ustaz Farid, ada latar belakangnya. Pertama karena selama berpuluh-puluh tahun umat Islam itu masih kesulitan dalam membaca Alquran. Sebab, belum ditemukan metode yang telat, mudah dan praktis untuk dipraktekkan.</p>\r\n\r\n<p> </p>\r\n\r\n<p>Sementara, latarbelakang kedua, lanjutnya, muncul dan ditemukan karena berdasarkan pengalaman dari Ustaz Farid sendiri selama mengajar. Dimans, banyak umat Islam yang bisa membaca Alquran, namun bacaannya tidak benar dan tidak sesuai dengan tajwid.</p>\r\n\r\n<p> </p>\r\n\r\n<p>\"Dari pengalaman itu akhirnya ada inspirasi membuat metode yang lebih cepat lagi dari metode yang pernah ada. Setelah ketemu metode ini jadinya kita jadi mudah gak ada yang kesulitan. Hampir semua yang belajar menjadi mudah tidak ada kesulitan,\" tambahnya.</p>\r\n\r\n<p> </p>\r\n\r\n<p>Selama kegiatan berlangsung, peserta &#39;ngaji 30 menit&#39; yang kali ini merupakan angkatan ke-76, akan diberikan banyak praktek. Di antaranya praktik surat Al Hajj, Al-Fatihah, Al-Baqarah, Yasin dan surat pendek lainnya.</p>\r\n\r\n<p> </p>\r\n\r\n<p>Diharapkan dari kegiatan ini, kata Farid, dapat lebih rajin lagi dalam membaca Al-Quran. \"Karena membaca Alquran itu mudah tapi godaannya yang besar. Jadi biar lebih rajin lagi, kalau sudah rajin harapannya bisa khatam 30 juz, dan lebih banyak lagi mencintai Alquran dan mencintai isinya,\" tambahnya.</p>','Jumat','2018-08-17','14:03:54','1ab804d2a2e651d6ba28f8b4d45fa3f3.jpg',0,'komputer,google'),(8,'Administrator','Ini Tiga Kunci Cepat Belajar Alquran Selama 30 Menit','ini-tiga-kunci-cepat-belajar-alquran-selama-30-menit','<p>Ustaz Farid mengatakan, terdapat tiga kunci untuk lancar membaca Alquran dengan menggunakan metode tersebut. Pertama, seseorang itu harus menguasai huruf Alquran yang jumlahnya 30 huruf. Sementara, kunci yang kedua harus bisa menguasai tanda baca Alquran yang jumlahnya ada delapan tanda baca.</p>\r\n\r\n<p> </p>\r\n\r\n<p>\"Untuk bisa menguasai huruf dan tanda baca itu dibutuhkan waktu 30 menit. Setelah itu dilanjutkan dengan praktik,\" kata Ustaz Farid di Kantor Republika, Jakarta, Sabtu (24/2).</p>\r\n\r\n<p> </p>\r\n\r\n<p>Sementara, kunci yang ketiga, kata Ustaz Farid, dengan menguasai tajwid yang ada dalam Al-Quran. Dimana, untuk menguasai tajwid tersebut dapat dipraktekkan seiring dengan praktik yang dilakukan setelah kegiatan ini kedepannya.</p>\r\n\r\n<p> </p>\r\n\r\n<p> </p>\r\n\r\n<p><img alt=\"photo\" src=\"http://static.republika.co.id/uploads/images/headline_slide/0.68853300-1512814555-830-556.jpeg\"></p>\r\n\r\n<p> </p>\r\n\r\n<p> </p>\r\n\r\n<blockquote>Belajar Mengaji. Peserta sedang mengikuti kegiatan 30 Menit Bisa Membaca Alquran di Kantor Republika, Jalan Warung Buncit, Jakarta.</blockquote>\r\n\r\n<p> </p>\r\n\r\n<p> </p>\r\n\r\n<p> </p>\r\n\r\n<p> </p>\r\n\r\n<p>Namun untuk menguasai huruf Alquran tersebut dengan cepat, kata Ustaz Farid, juga ada beberapa teknik. Dimana, pertama dengan menyebut 30 huruf tersebut dengan nama latinnya. \"Contoh kalau huruf <em>alif</em> sama dengan A kalau latinnya, <em>hamzah</em> juga A, <em>Ain</em> juga A, jadi A ada tiga. Terus <em>dal, dho</em> itu disebut D semua. <em>Sin, Syin, Sod</em> itu S semua,\" kata Farid.</p>\r\n\r\n<p> </p>\r\n\r\n<p>Karena dalam satu huruf latin terdapat beberapa huruf Alquran, maka teknik membedakannya dengan diberi ciri-ciri terhadap huruf tersebut. Teknik tersebut merupakan teknik kedua untuk dapat menguasai 30 huruf tersebut.</p>\r\n\r\n<p> </p>\r\n\r\n<p>\"Contohnya <em>alif</em> atau A, itu ciri-cirinya lurus. Contohnya huruf S kalau di Alquran, bertemu dengan huruf yang giginya tiga, itu pasti S. Dan semua huruf yanh 30 itu ada ciri-cirinya semua,\" tambahnya.</p>\r\n\r\n<p> </p>\r\n\r\n<p>Setelah melalui dua teknik tersebut, maka selanjutnya dengan mengajari bagaimana melafalkan huruf tersebut dengan benar, sesuai dengan tajwid. \"Kalau orang udah tahu ciri-ciri huruf, biasanya kuat ingatannya, kuat memorinya untuk menghafal hurif-huruf tadi. Dengan ciri-ciri itu seseorang menjadi ringan untuk menghafal huruf dan melafalkannya setelah itu,\" kata Ustaz Farid.</p>\r\n\r\n<p> </p>\r\n\r\n<p> </p>\r\n\r\n<p><strong>Baca Juga: <a href=\"http://www.republika.co.id/berita/dunia-islam/islam-nusantara/18/02/24/p4niug396-ngaji-30-menit-supaya-masyarakat-melek-huruf-alquran\" target=\"_blank\"><em>Ngaji</em> 30 Menit Supaya Masyarakat Melek Huruf Alquran</a></strong></p>\r\n\r\n<p> </p>\r\n\r\n<p> </p>\r\n\r\n<p>Metode ini sendiri diciptakan, lanjut Ustaz Farid, ada latar belakangnya. Pertama karena selama berpuluh-puluh tahun umat Islam itu masih kesulitan dalam membaca Alquran. Sebab, belum ditemukan metode yang telat, mudah dan praktis untuk dipraktekkan.</p>\r\n\r\n<p> </p>\r\n\r\n<p>Sementara, latarbelakang kedua, lanjutnya, muncul dan ditemukan karena berdasarkan pengalaman dari Ustaz Farid sendiri selama mengajar. Dimans, banyak umat Islam yang bisa membaca Alquran, namun bacaannya tidak benar dan tidak sesuai dengan tajwid.</p>\r\n\r\n<p> </p>\r\n\r\n<p>\"Dari pengalaman itu akhirnya ada inspirasi membuat metode yang lebih cepat lagi dari metode yang pernah ada. Setelah ketemu metode ini jadinya kita jadi mudah gak ada yang kesulitan. Hampir semua yang belajar menjadi mudah tidak ada kesulitan,\" tambahnya.</p>\r\n\r\n<p> </p>\r\n\r\n<p>Selama kegiatan berlangsung, peserta &#39;ngaji 30 menit&#39; yang kali ini merupakan angkatan ke-76, akan diberikan banyak praktek. Di antaranya praktik surat Al Hajj, Al-Fatihah, Al-Baqarah, Yasin dan surat pendek lainnya.</p>\r\n\r\n<p> </p>\r\n\r\n<p>Diharapkan dari kegiatan ini, kata Farid, dapat lebih rajin lagi dalam membaca Al-Quran. \"Karena membaca Alquran itu mudah tapi godaannya yang besar. Jadi biar lebih rajin lagi, kalau sudah rajin harapannya bisa khatam 30 juz, dan lebih banyak lagi mencintai Alquran dan mencintai isinya,\" tambahnya.</p>','','2018-08-06','14:03:54','1ab804d2a2e651d6ba28f8b4d45fa3f3.jpg',0,'komputer,google');

/*Table structure for table `berita` */

DROP TABLE IF EXISTS `berita`;

CREATE TABLE `berita` (
  `id_berita` int(5) NOT NULL AUTO_INCREMENT,
  `username` varchar(30) COLLATE latin1_general_ci NOT NULL,
  `judul_berita` varchar(100) COLLATE latin1_general_ci NOT NULL,
  `judul_seo_berita` varchar(100) COLLATE latin1_general_ci NOT NULL,
  `isi_berita` text CHARACTER SET utf8 COLLATE utf8_unicode_ci NOT NULL,
  `hari` varchar(20) COLLATE latin1_general_ci NOT NULL,
  `tanggal` date NOT NULL,
  `jam` time NOT NULL,
  `gambar` varchar(100) COLLATE latin1_general_ci NOT NULL,
  `dibaca` int(5) NOT NULL DEFAULT '1',
  `tag` varchar(100) COLLATE latin1_general_ci NOT NULL,
  PRIMARY KEY (`id_berita`)
) ENGINE=MyISAM AUTO_INCREMENT=15 DEFAULT CHARSET=latin1 COLLATE=latin1_general_ci;

/*Data for the table `berita` */

insert  into `berita`(`id_berita`,`username`,`judul_berita`,`judul_seo_berita`,`isi_berita`,`hari`,`tanggal`,`jam`,`gambar`,`dibaca`,`tag`) values (1,'Administrator','Doa Pemimpin','doa-pemimpin','<p>“Dan saudaraku Harun” Pinta Musa AS kepada Allah swt, saat beban kenabian ditaruh pada pundaknya, “maka utuslah dia bersamaku sebagai pembantuku untuk membenarkan (perkataan)ku; sesungguhnya aku khawatir mereka akan mendustakanku”</p>\r\n\r\n<p>Nabi Musa menyadari dirinya bukanlah seorang yang pandai berbicara. Sementara disisi yang lain Fir’aun, yang menjadi seterunya, memiliki segalanya. Harta berlimpah, kuasa tak tergoyah dan lidah yang pandai berdialektika.</p>\r\n\r\n<p>Allah pun mengabulkannya. Musa dan Harun berjalan beriringan di jalan dakwah. Keduanya harus memimpin kaum yang sukar ditata serta seorang raja yang sangat besar kuasanya. Kehadiran Harun melengkapi Tongkat Musa, salah satu mukjizat lainnya. Hingga akhirnya mereka berhasil memuncaki perdebatan dan pertarungan.</p>\r\n\r\n<p>Doa serupa juga pernah dipanjatkan oleh Rasulullah saw di awal-awal dakwahnya. Saat tekanan semakin berat dirasakan, dengan khusyu Rasulullah memanjat do’a, “Ya Allah, muliakanlah Islam dengan salah seorang dari dua orang yang lebih Engkau cintai; Umar bin Khattab atau Abu Jahal bin Hisyam”.</p>\r\n\r\n<p>Keduanya merupakan orang yang kuat dari kaum Quraisy. Rasulullah yakin jika salah satu berhasil masuk Islam maka ini akan menjadi syiar yang bagus sekaligus akan semakin menguatkan dakwah. Maka Umar bin Khattab lah yang dipilih Allah untuk menemani Muhammad saw. Sejak itu, atas ijin Allah tentunya, dakwah Islam semakin terbuka dan tak terbendung.</p>\r\n\r\n<p>Dua fragmen diatas memberi hikmah seorang pemimpin adalah orang yang mengerti dengan kekurangannya. Musa sadar ia bukanlah orang yang pandai bicara. Maka untuk menghadapi seorang fir’aun dibutuhkan orang yang juga hebat dalam dialektika. Begitu juga Muhammad saw, yang membutuhkan orang yang kuat untuk melengkapi kepingan puzzlenya.</p>\r\n\r\n<p>Pemimpin bukanlah orang yang digdaya dan bisa menepuk dada seenaknya. Pemimpin juga bukan orang yang serba bisa lalu merasa dirinya sendiri bisa menaklukkan dunia. Sebaliknya pemimpin adalah orang yang menyadari ketidakbisaannya lalu memilih orang yang tepat untuk melengkapi dirinya.</p>\r\n\r\n<p>Dari Rasulullah saw pula kita belajar tentang membaca karakter seseorang. Beliau pernah mendoakan Abdullah Ibnu Abbad, “Ya Allah, berilah ia kepahaman agama dan Al-Qur’an” kelak sejarah mencatat Abdullah Ibnu Abbas dikenal sebagai seorang ahli Hadis, ahli Tafsir, ahli Fikih. Ia menjadi tempat rujukan banyak orang bahkan para sahabat yang lebih tua darinya.</p>\r\n\r\n<p>Doa pemimpin adalah doa tentang kebaikan. Maka Allah swt pernah menegur Musa saat ia berkata, “Ana a`lam al-qaum” (Aku orang paling pandai di negeri ini). Sepintas apa yang dikatakan oleh Musa dapat dianggap wajar terlebih yang dihadapinya saat itu adalah Fir’aun yang dikenal digdaya dan penuh kuasa. Namun, Allah swt memandang pernyataan Musa berlebihan. Musa lalu ditegur dan mendapat pembelajaran lewat seorang Nabi Khidir. Tidak cukup sampai disitu Allah swt pun meluruskan Nabi Musa dengan mengajarkan doa yang penuh kebaikan, “Rabbi zidni `ilman”(Ya Allah tambahkan kepadaku ilmu pengetahuan).</p>\r\n\r\n<p>Begitulah, doa pemimpin adalah doa yang penuh kebaikan. Ia tidak mendahulukan ke-aku-an sebaliknya doa pemimpin adalah doa yang menggerakkan siapa yang dipimpinnya. Misinya adalah membawa kesuksesan kepada orang lain bukan dirinya.</p>\r\n\r\n<blockquote>\r\n<p>Sebagaimana pesan yang disampaikan oleh KH. Ahmad Jameel beberapa waktu lalu, “Kesuksesan kita adalah bagaimana membuat jalan kesuksesan bagi orang lain”</p>\r\n</blockquote>','Sabtu','2018-08-18','15:46:35','736e4d264b6a958a2d3cb701d68f6a7d.jpg',0,'mobil,komputer'),(7,'Administrator','Ustaz Abdul Somad (UAS) Mendadak Curhat setelah Diundang Kerajaan Perak, Ini Maksudnya','ustaz-abdul-somad-uas-mendadak-curhat-setelah-diundang-kerajaan-perak-ini-maksudnya','<p>Namun UAS mengaku undangan ini membuatnya tergiur. </p>\r\n\r\n<p>Kenapa? </p>\r\n\r\n<p>Ternyata  UAS gerah dengan kasus pengadangan yang dialaminya di sejumlah daerah.</p>\r\n\r\n<p>Baru-baru ini UAS diadang di Semarang, Grobogan, dan pembatalan sepihak di Jepara.</p>\r\n\r\n<p>“Terkadang datang juga bisikan ingin ke Perak ini, berfoto-foto dengan Sultan,” tulisnya.</p>\r\n\r\n<p>Hal itu menurutnya, karena hanya ingin menunjukkan kepada mereka yang telah menghadangnya selama ini di beberapa wilayah.</p>\r\n\r\n<p>“Untuk menunjukkan ke mereka yang menghadang di Semarang, menghadang di Grobogan, membatalkan sepihak di Jepara,” tulisnya.</p>\r\n\r\n<p><br>\r\n<br>\r\nArtikel ini telah tayang di <a href=\"http:\">tribun-medan.com</a> dengan judul Ustaz Abdul Somad (UAS) Mendadak Curhat setelah Diundang Kerajaan Perak, Ini Maksudnya, <a href=\"http://medan.tribunnews.com/2018/08/17/ustaz-abdul-somad-uas-mendadak-curhat-setelah-diundang-kerajaan-perak-ini-maksudnya\">http://medan.tribunnews.com/2018/08/17/ustaz-abdul-somad-uas-mendadak-curhat-setelah-diundang-kerajaan-perak-ini-maksudnya</a>.<br>\r\n<br>\r\nEditor: Tariden Turnip</p>','Jumat','2018-08-17','13:39:01','1225e15a779004258ee5c1d199b60576.jpg',0,'film,komputer'),(8,'Administrator','Ini Tiga Kunci Cepat Belajar Alquran Selama 30 Menit','ini-tiga-kunci-cepat-belajar-alquran-selama-30-menit','<p>Ustaz Farid mengatakan, terdapat tiga kunci untuk lancar membaca Alquran dengan menggunakan metode tersebut. Pertama, seseorang itu harus menguasai huruf Alquran yang jumlahnya 30 huruf. Sementara, kunci yang kedua harus bisa menguasai tanda baca Alquran yang jumlahnya ada delapan tanda baca.</p>\r\n\r\n<p> </p>\r\n\r\n<p>\"Untuk bisa menguasai huruf dan tanda baca itu dibutuhkan waktu 30 menit. Setelah itu dilanjutkan dengan praktik,\" kata Ustaz Farid di Kantor Republika, Jakarta, Sabtu (24/2).</p>\r\n\r\n<p> </p>\r\n\r\n<p>Sementara, kunci yang ketiga, kata Ustaz Farid, dengan menguasai tajwid yang ada dalam Al-Quran. Dimana, untuk menguasai tajwid tersebut dapat dipraktekkan seiring dengan praktik yang dilakukan setelah kegiatan ini kedepannya.</p>\r\n\r\n<p> </p>\r\n\r\n<p> </p>\r\n\r\n<p><img alt=\"photo\" src=\"http://static.republika.co.id/uploads/images/headline_slide/0.68853300-1512814555-830-556.jpeg\"></p>\r\n\r\n<p> </p>\r\n\r\n<p> </p>\r\n\r\n<blockquote>Belajar Mengaji. Peserta sedang mengikuti kegiatan 30 Menit Bisa Membaca Alquran di Kantor Republika, Jalan Warung Buncit, Jakarta.</blockquote>\r\n\r\n<p> </p>\r\n\r\n<p> </p>\r\n\r\n<p> </p>\r\n\r\n<p> </p>\r\n\r\n<p>Namun untuk menguasai huruf Alquran tersebut dengan cepat, kata Ustaz Farid, juga ada beberapa teknik. Dimana, pertama dengan menyebut 30 huruf tersebut dengan nama latinnya. \"Contoh kalau huruf <em>alif</em> sama dengan A kalau latinnya, <em>hamzah</em> juga A, <em>Ain</em> juga A, jadi A ada tiga. Terus <em>dal, dho</em> itu disebut D semua. <em>Sin, Syin, Sod</em> itu S semua,\" kata Farid.</p>\r\n\r\n<p> </p>\r\n\r\n<p>Karena dalam satu huruf latin terdapat beberapa huruf Alquran, maka teknik membedakannya dengan diberi ciri-ciri terhadap huruf tersebut. Teknik tersebut merupakan teknik kedua untuk dapat menguasai 30 huruf tersebut.</p>\r\n\r\n<p> </p>\r\n\r\n<p>\"Contohnya <em>alif</em> atau A, itu ciri-cirinya lurus. Contohnya huruf S kalau di Alquran, bertemu dengan huruf yang giginya tiga, itu pasti S. Dan semua huruf yanh 30 itu ada ciri-cirinya semua,\" tambahnya.</p>\r\n\r\n<p> </p>\r\n\r\n<p>Setelah melalui dua teknik tersebut, maka selanjutnya dengan mengajari bagaimana melafalkan huruf tersebut dengan benar, sesuai dengan tajwid. \"Kalau orang udah tahu ciri-ciri huruf, biasanya kuat ingatannya, kuat memorinya untuk menghafal hurif-huruf tadi. Dengan ciri-ciri itu seseorang menjadi ringan untuk menghafal huruf dan melafalkannya setelah itu,\" kata Ustaz Farid.</p>\r\n\r\n<p> </p>\r\n\r\n<p> </p>\r\n\r\n<p><strong>Baca Juga: <a href=\"http://www.republika.co.id/berita/dunia-islam/islam-nusantara/18/02/24/p4niug396-ngaji-30-menit-supaya-masyarakat-melek-huruf-alquran\" target=\"_blank\"><em>Ngaji</em> 30 Menit Supaya Masyarakat Melek Huruf Alquran</a></strong></p>\r\n\r\n<p> </p>\r\n\r\n<p> </p>\r\n\r\n<p>Metode ini sendiri diciptakan, lanjut Ustaz Farid, ada latar belakangnya. Pertama karena selama berpuluh-puluh tahun umat Islam itu masih kesulitan dalam membaca Alquran. Sebab, belum ditemukan metode yang telat, mudah dan praktis untuk dipraktekkan.</p>\r\n\r\n<p> </p>\r\n\r\n<p>Sementara, latarbelakang kedua, lanjutnya, muncul dan ditemukan karena berdasarkan pengalaman dari Ustaz Farid sendiri selama mengajar. Dimans, banyak umat Islam yang bisa membaca Alquran, namun bacaannya tidak benar dan tidak sesuai dengan tajwid.</p>\r\n\r\n<p> </p>\r\n\r\n<p>\"Dari pengalaman itu akhirnya ada inspirasi membuat metode yang lebih cepat lagi dari metode yang pernah ada. Setelah ketemu metode ini jadinya kita jadi mudah gak ada yang kesulitan. Hampir semua yang belajar menjadi mudah tidak ada kesulitan,\" tambahnya.</p>\r\n\r\n<p> </p>\r\n\r\n<p>Selama kegiatan berlangsung, peserta &#39;ngaji 30 menit&#39; yang kali ini merupakan angkatan ke-76, akan diberikan banyak praktek. Di antaranya praktik surat Al Hajj, Al-Fatihah, Al-Baqarah, Yasin dan surat pendek lainnya.</p>\r\n\r\n<p> </p>\r\n\r\n<p>Diharapkan dari kegiatan ini, kata Farid, dapat lebih rajin lagi dalam membaca Al-Quran. \"Karena membaca Alquran itu mudah tapi godaannya yang besar. Jadi biar lebih rajin lagi, kalau sudah rajin harapannya bisa khatam 30 juz, dan lebih banyak lagi mencintai Alquran dan mencintai isinya,\" tambahnya.</p>','Jumat','2018-08-17','13:46:56','264933c1b2ed0987c6668aa06ad0238f.jpg',0,'mobil,film'),(10,'Administrator','Fikih Qurban','fikih-qurban','<p>Allah <em>subhanahu wa ta’ala</em> berfirman yang artinya, <em>Maka shalatlah untuk Rabbmu dan sembelihlah hewan.”</em> (QS. Al Kautsar: 2). Syaikh Abdullah Alu Bassaam mengatakan, “Sebagian ulama ahli tafsir mengatakan; Yang dimaksud dengan menyembelih hewan adalah menyembelih hewan qurban setelah shalat Ied”. Pendapat ini dinukilkan dari Qatadah, Atha’ dan Ikrimah (<em>Taisirul ‘Allaam</em>, 534 <em>Taudhihul Ahkaam</em>, IV/450. Lihat juga <em>Shahih Fiqih Sunnah</em> II/366). Dalam istilah ilmu fiqih hewan qurban biasa disebut dengan nama <em>Al Udh-hiyah</em> yang bentuk jamaknya <em>Al Adhaahi</em> (dengan huruf <em>ha’</em> tipis)</p>\r\n\r\n<p><strong>Pengertian Udh-hiyah</strong></p>\r\n\r\n<p>Udh-hiyah adalah hewan ternak yang disembelih pada hari Iedul Adha dan hari Tasyriq dalam rangka mendekatkan diri kepada Allah karena datangnya hari raya tersebut (lihat <em>Al Wajiz</em>, 405 dan <em>Shahih Fiqih Sunnah</em> II/366)</p>\r\n\r\n<p><strong>Keutamaan Qurban</strong></p>\r\n\r\n<p>Menyembelih qurban termasuk amal salih yang paling utama. Ibunda ‘Aisyah <em>radhiyallahu’anha</em> menceritakan bahwa Nabi <em>shallallahu ‘alaihi wa sallam</em> bersabda, <em>“Tidaklah anak Adam melakukan suatu amalan pada hari Nahr (Iedul Adha) yang lebih dicintai oleh Allah melebihi mengalirkan darah (qurban), maka hendaknya kalian merasa senang karenanya.”</em> (HR. Tirmidzi, Ibnu Majah dan Al Hakim dengan sanad sahih, lihat <em>Taudhihul Ahkam</em>, IV/450)</p>\r\n\r\n<p>Hadis di atas didhaifkan oleh Syaikh Al Albani (<em>dhaif Ibn Majah</em>, 671). Namun kegoncangan hadis di atas tidaklah menyebabkan hilangnya keutamaan <a href=\"https://muslim.or.id/fiqh-dan-muamalah/fiqih-qurban.html\">berqurban</a>. Banyak ulama menjelaskan bahwa menyembelih hewan <a href=\"https://muslim.or.id/fiqh-dan-muamalah/meraih-takwa-melalui-ibadah-qurban.html\">qurban</a> pada hari idul Adlha lebih utama dari pada sedekah yang senilai atau harga hewan qurban atau bahkan sedekah yang lebih banyak dari pada nilai hewan qurban. Karena maksud terpenting dalam berqurban adalah mendekatkan diri kepada Allah. Disamping itu, menyembelih qurban lebih menampakkan syi’ar islam dan lebih sesuai dengan sunnah (lihat <em>Shahih Fiqh Sunnah</em> 2/379 & <em>Syarhul Mumthi’</em> 7/521).</p>\r\n\r\n<p><strong>Hukum Qurban</strong></p>\r\n\r\n<p>Dalam hal ini para ulama terbagi dalam dua pendapat:</p>\r\n\r\n<p><strong>Pertama</strong>, wajib bagi orang yang berkelapangan. Ulama yang berpendapat demikian adalah Rabi’ah (guru Imam Malik), Al Auza’i, Abu Hanifah, Imam Ahmad dalam salah satu pendapatnya, Laits bin Sa’ad serta sebagian ulama pengikut Imam Malik, Syaikhul Islam Ibnu Taimiyah, dan Syaikh Ibnu ‘Utsaimin <em>rahimahumullah</em>. Syaikh Ibn Utsaimin mengatakan: <em>“Pendapat yang menyatakan wajib itu tampak lebih kuat dari pada pendapat yang menyatakan tidak wajib. Akan tetapi hal itu hanya diwajibkan bagi yang mampu…”</em> (lih. <em>Syarhul Mumti’</em>, III/408) Diantara dalilnya adalah hadits Abu Hurairah yang menyatakan bahwa Rasulullah <em>shallallahu ‘alaihi wa sallam</em> bersabda, <em>“Barangsiapa yang berkelapangan (harta) namun tidak mau berqurban maka jangan sekali-kali mendekati tempat shalat kami.” </em>(HR. Ibnu Majah 3123, Al Hakim 7672 dan dihasankan oleh Syaikh Al Albani)</p>\r\n\r\n<p><strong>Pendapat kedua</strong> menyatakan Sunnah Mu’akkadah (ditekankan). Dan ini adalah pendapat mayoritas ulama yaitu Malik, Syafi’i, Ahmad, Ibnu Hazm dan lain-lain. Ulama yang mengambil pendapat ini berdalil dengan riwayat dari Abu Mas’ud Al Anshari <em>radhiyallahu ‘anhu</em>. Beliau mengatakan, <em>“Sesungguhnya aku sedang tidak akan berqurban. Padahal aku adalah orang yang berkelapangan. Itu kulakukan karena aku khawatir kalau-kalau tetanggaku mengira qurban itu adalah wajib bagiku.”</em> (HR. Abdur Razzaq dan Baihaqi dengan sanad shahih). Demikian pula dikatakan oleh Abu Sarihah, <em>“Aku melihat Abu Bakar dan Umar sementara mereka berdua tidak berqurban.”</em> (HR. Abdur Razzaaq dan Baihaqi, sanadnya shahih) Ibnu Hazm berkata, “Tidak ada riwayat sahih dari seorang sahabatpun yang menyatakan bahwa qurban itu wajib.” (lihat <em>Shahih Fiqih Sunnah</em>, II/367-368, <em>Taudhihul Ahkaam</em>, IV/454)</p>\r\n\r\n<p>Dalil-dalil di atas merupakan dalil pokok yang digunakan masing-masing pendapat. Jika dijabarkan semuanya menunjukkan masing-masing pendapat sama kuat. Sebagian ulama memberikan jalan keluar dari perselisihan dengan menasehatkan: <em>“…selayaknya bagi mereka yang mampu, tidak meninggalkan berqurban. Karena dengan berqurban akan lebih menenangkan hati dan melepaskan tanggungan, wallahu a’lam.”</em> (<em>Tafsir Adwa’ul Bayan</em>, 1120)</p>\r\n\r\n<p>Yakinlah…! bagi mereka yang berqurban, Allah akan segera memberikan ganti biaya qurban yang dia keluarkan. Karena setiap pagi Allah mengutus dua malaikat, yang satu berdo’a: “<em>Yaa Allah, berikanlah ganti bagi orang yang berinfaq</em>.” Dan yang kedua berdo’a: “<em>Yaa Allah, berikanlah kehancuran bagi orang yang menahan hartanya (pelit).</em>” (HR. Al Bukhari 1374 & Muslim 1010).</p>\r\n\r\n<p><strong>Hewan yang Boleh Digunakan Untuk Qurban</strong></p>\r\n\r\n<p>Hewan qurban hanya boleh dari kalangan <em>Bahiimatul Al An’aam</em> (hewan ternak tertentu) yaitu onta, sapi atau kambing dan tidak boleh selain itu. Bahkan sekelompok ulama menukilkan adanya ijma’ (kesepakatan) bahwasanya qurban tidak sah kecuali dengan hewan-hewan tersebut (lihat <em>Shahih Fiqih Sunnah</em>, II/369 dan <em>Al Wajiz</em> 406) Dalilnya adalah firman Allah yang artinya, <em>“Dan bagi setiap umat Kami berikan tuntunan berqurban agar kalian mengingat nama Allah atas rezki yang dilimpahkan kepada kalian berupa hewan-hewan ternak (bahiimatul an’aam).”</em> (QS. Al Hajj: 34) Syaikh Ibnu ‘Utsaimin mengatakan, <em>“Bahkan jika seandainya ada orang yang berqurban dengan jenis hewan lain yang lebih mahal dari pada jenis ternak tersebut maka qurbannya tidak sah. Andaikan dia lebih memilih untuk berqurban seekor kuda seharga 10.000 real sedangkan seekor kambing harganya hanya 300 real maka qurbannya (dengan kuda) itu tidak sah…”</em> (<em>Syarhul Mumti’</em>, III/409)</p>\r\n\r\n<p><strong>Seekor Kambing Untuk Satu Keluarga</strong></p>\r\n\r\n<p>Seekor kambing cukup untuk qurban satu keluarga, dan pahalanya mencakup seluruh anggota keluarga meskipun jumlahnya banyak atau bahkan yang sudah meninggal dunia. Sebagaimana hadits Abu Ayyub <em>radhiyallahu’anhu</em> yang mengatakan, <em>“Pada masa Rasulullah shallallahu ‘alaihi wa sallam seseorang (suami) menyembelih seekor kambing sebagai qurban bagi dirinya dan keluarganya.”</em> (HR. Tirmidzi dan beliau menilainya shahih, lihat <em>Minhaajul Muslim</em>, 264 dan 266).</p>\r\n\r\n<p>Oleh karena itu, tidak selayaknya seseorang mengkhususkan qurban untuk salah satu anggota keluarganya tertentu, misalnya kambing 1 untuk anak si A, kambing 2 untuk anak si B, karunia dan kemurahan Allah sangat luas maka tidak perlu dibatasi.</p>\r\n\r\n<p>Bahkan Nabi <em>shallallahu ‘alaihi wa sallam</em> berqurban untuk seluruh dirinya dan seluruh umatnya. Suatu ketika beliau hendak menyembelih kambing qurban. Sebelum menyembelih beliau mengatakan:”<em>Yaa Allah ini – qurban – dariku dan dari umatku yang tidak berqurban</em>.” (HR. Abu Daud 2810 & Al Hakim 4/229 dan dishahihkan Syaikh Al Albani dalam <em>Al Irwa’</em>4/349). Berdasarkan hadis ini, Syaikh Ali bin Hasan Al Halaby mengatakan: “<em>Kaum muslimin yang tidak mampu berqurban, mendapatkan pahala sebagaimana orang berqurban dari umat Nabi</em> <em>shallallahu ‘alaihi wa sallam.”</em></p>\r\n\r\n<p>Adapun yang dimaksud: <em>“…kambing hanya boleh untuk satu orang, sapi untuk tujuh orang, dan onta 10 orang…”</em> adalah biaya pengadaannya. Biaya pengadaan kambing hanya boleh dari satu orang, biaya pengadaan sapi hanya boleh dari maksimal tujuh orang dst.</p>\r\n\r\n<p>Namun seandainya ada orang yang hendak membantu shohibul qurban yang kekurangan biaya untuk membeli hewan, maka diperbolehkan dan tidak mempengaruhi status qurbannya. Dan status bantuan di sini adalah hadiah bagi shohibul qurban. <strong>Apakah harus izin </strong>terlebih dahulu kepada pemilik hewan?</p>\r\n\r\n<p><strong>Jawab</strong>: Tidak harus, karena dalam transaksi hadiah tidak dipersyaratkan memberitahukan kepada orang yang diberi sedekah.</p>\r\n\r\n<p><strong>Ketentuan Untuk Sapi & Onta</strong></p>\r\n\r\n<p>Seekor Sapi dijadikan qurban untuk 7 orang. Sedangkan seekor onta untuk 10 orang. Dari Ibnu Abbas <em>radhiyallahu’anhu</em> beliau mengatakan, <em>“Dahulu kami penah bersafar bersama Rasulullah shallallahu ‘alaihi wa sallam lalu tibalah hari raya Iedul Adha maka kami pun berserikat sepuluh orang untuk qurban seekor onta. Sedangkan untuk seekor sapi kami berserikat sebanyak tujuh orang.”</em> (<em>Shahih Sunan Ibnu Majah</em> 2536, <em>Al Wajiz</em>, hal. 406)</p>\r\n\r\n<p>Dalam masalah pahala, ketentuan qurban sapi sama dengan ketentuan qurban kambing. Artinya urunan 7 orang untuk qurban seekor sapi, pahalanya mencakup seluruh anggota keluarga dari 7 orang yang ikut urunan.</p>\r\n\r\n<p><strong>Arisan Qurban Kambing?</strong></p>\r\n\r\n<p>Mengadakan arisan dalam rangka berqurban masuk dalam pembahasan berhutang untuk qurban. Karena hakekat arisan adalah hutang. Sebagian ulama menganjurkan untuk berqurban meskipun harus hutang. Di antaranya adalah Imam Abu Hatim sebagaimana dinukil oleh Ibn Katsir dari Sufyan At Tsauri (<em>Tafsir Ibn Katsir</em>, surat Al Hajj:36)(*) Demikian pula Imam Ahmad dalam masalah aqiqah. Beliau menyarankan agar orang yang tidak memiliki biaya aqiqah agar berhutang dalam rangka menghidupkan sunnah aqiqah di hari ketujuh setelah kelahiran.</p>\r\n\r\n<p>(*) Sufyan At Tsauri <em>rahimahullah</em> mengatakan: Dulu Abu Hatim pernah berhutang untuk membeli unta qurban. Beliau ditanya: <em>“Kamu berhutang untuk beli unta qurban?”</em> beliau jawab: <em>“Saya mendengar Allah berfirman: ?????? ?????? ?????? (kamu memperoleh kebaikan yang banyak pada unta-unta qurban tersebut) (QS: Al Hajj:36).”</em> (lih. <em>Tafsir Ibn Katsir</em>, surat Al Hajj: 36).</p>\r\n\r\n<p>Sebagian ulama lain menyarankan untuk mendahulukan pelunasan hutang dari pada berqurban. Di antaranya adalah Syaikh Ibn Utsaimin dan ulama tim fatwa islamweb.net di bawah pengawasan Dr. Abdullah Al Faqih (lih. Fatwa Syabakah Islamiyah no. 7198 & 28826). Syaikh Ibn Utsaimin mengatakan: “<em>Jika orang punya hutang maka selayaknya mendahulukan pelunasan hutang dari pada berqurban</em>.” (<em>Syarhul Mumti’</em> 7/455). Bahkan Beliau pernah ditanya tentang hukum orang yang tidak jadi qurban karena uangnya diserahkan kepada temannya yang sedang terlilit hutang, dan beliau jawab: “<em>Jika di hadapkan dua permasalahan antara berqurban atau melunaskan hutang orang faqir maka lebih utama melunasi hutang, lebih-lebih jika orang yang sedang terlilit hutang tersebut adalah kerabat dekat</em>.” (lih. <em>Majmu’ Fatawa & Risalah Ibn Utsaimin</em> 18/144).</p>\r\n\r\n<p>Namun pernyataan-pernyataan ulama di atas tidaklah saling bertentangan. Karena perbedaan ini didasari oleh perbedaan dalam memandang keadaan orang yang berhutang. Sikap ulama yang menyarankan untuk berhutang ketika qurban dipahami untuk kasus orang yang keadaanya mudah dalam melunasi hutang atau kasus hutang yang jatuh temponya masih panjang. Sedangkan anjuran sebagian ulama untuk mendahulukan pelunasan hutang dari pada qurban dipahami untuk kasus orang yang kesulitan melunasi hutang atau hutang yang menuntut segera dilunasi. Dengan demikian, jika arisan qurban kita golongkan sebagai hutang yang jatuh temponya panjang atau hutang yang mudah dilunasi maka berqurban dengan arisan adalah satu hal yang baik. <em>Wallahu a’lam.</em></p>\r\n\r\n<p><strong>Qurban Kerbau?</strong></p>\r\n\r\n<p>Para ulama’ menyamakan kerbau dengan sapi dalam berbagai hukum dan keduanya disikapi sebagai satu jenis (<em>Mausu’ah Fiqhiyah Quwaithiyah</em> 2/2975). Ada beberapa ulama yang secara tegas membolehkan berqurban dengan kerbau, dari kalangan Syafi’iyah (lih. <em>Hasyiyah Al Bajirami</em>) maupun dari Hanafiyah (lih. <em>Al ‘Inayah Syarh Hidayah</em> 14/192 dan <em>Fathul Qodir</em> 22/106). Mereka menganggap keduanya satu jenis.</p>\r\n\r\n<p>Syaikh Ibn Al Utasimin pernah ditanya tentang hukum qurban dengan kerbau.</p>\r\n\r\n<p><strong>Pertanyaan:</strong></p>\r\n\r\n<p><em>“Kerbau dan sapi memiliki perbedaan dalam banyak sifat sebagaimana kambing dengan domba. Namun Allah telah merinci penyebutan kambing dengan domba tetapi tidak merinci penyebutan kerbau dengan sapi, sebagaimana disebutkan dalam surat Al An’am 143. Apakah boleh berqurban dengan kerbau?”</em></p>\r\n\r\n<p><strong>Beliau menjawab:</strong></p>\r\n\r\n<p><em>“Jika hakekat kerbau termasuk sapi maka kerbau sebagaimana sapi namun jika tidak maka (jenis hewan) yang Allah sebut dalam alqur’an adalah jenis hewan yang dikenal orang arab, sedangkan kerbau tidak termasuk hewan yang dikenal orang arab.”</em> (<em>Liqa’ Babil Maftuh</em>200/27)</p>\r\n\r\n<p>Jika pernyataan Syaikh Ibn Utsaimin kita bawa pada penjelasan ulama di atas maka bisa disimpulkan bahwa qurban kerbau hukumnya sah, karena kerbau sejenis dengan sapi. <em>Wallahu a’lam.</em></p>\r\n\r\n<p><strong>Urunan Qurban Satu Sekolahan</strong></p>\r\n\r\n<p>Terdapat satu tradisi di lembaga pendidikan di daerah kita, ketika iedul adha tiba sebagian sekolahan menggalakkan kegiatan latihan qurban bagi siswa. Masing-masing siswa dibebani <a href=\"https://muslim.or.id/fiqh-dan-muamalah/hukum-qurban-secara-kolektif.html\">iuran</a> sejumlah uang tertentu. Hasilnya digunakan untuk membeli kambing dan disembelih di hari-hari qurban.<strong> Apakah ini bisa dinilai sebagai ibadah qurban?</strong></p>\r\n\r\n<p>Perlu dipahami bahwa qurban adalah salah satu ibadah dalam Islam yang memiliki aturan tertentu sebagaimana yang digariskan oleh syari’at. Keluar dari aturan ini maka tidak bisa dinilai sebagai ibadah qurban alias qurbannya tidak sah. Di antara aturan tersebut adalah masalah pembiayaan. Sebagaimana dipahami di muka, biaya pengadaan untuk seekor kambing hanya boleh diambilkan dari satu orang. <strong>Oleh karena itu kasus tradisi ‘qurban’ seperti di atas tidak dapat dinilai sebagai qurban</strong>.</p>\r\n\r\n<p><strong>Berqurban Atas Nama Orang yang Sudah Meninggal?</strong></p>\r\n\r\n<p>Berqurban untuk orang yang telah meninggal dunia dapat dirinci menjadi tiga bentuk:</p>\r\n\r\n<ul>\r\n <li><a href=\"https://muslim.or.id/fiqh-dan-muamalah/kurban-atas-nama-mayit.html\">Orang yang meninggal</a> bukan sebagai sasaran qurban utama namun statusnya mengikuti qurban keluarganya yang masih hidup. Misalnya seseorang berqurban untuk dirinya dan keluarganya sementara ada di antara keluarganya yang telah meninggal. Berqurban jenis ini dibolehkan dan pahala qurbannya meliputi dirinya dan keluarganya meskipun ada yang sudah meninggal.</li>\r\n <li>Berqurban khusus untuk orang yang telah meninggal tanpa ada wasiat dari mayit. Sebagian ulama madzhab hambali menganggap ini sebagai satu hal yang baik dan pahalanya bisa sampai kepada mayit, sebagaimana sedekah atas nama mayit (lih. <em>Fatwa Majlis Ulama Saudi</em> no. 1474 & 1765). Namun sebagian ulama’ bersikap keras dan menilai perbuatan ini sebagai satu bentuk bid’ah, mengingat tidak ada tuntunan dari Nabi <em>shallallahu ‘alaihi wa sallam</em>. Tidak ada riwayat bahwasanya beliau berqurban atas nama Khadijah, Hamzah, atau kerabat beliau lainnya yang mendahului beliau <em>shallallahu ‘alaihi wa sallam</em>.</li>\r\n <li>Berqurban khusus untuk orang yang meninggal karena mayit pernah mewasiatkan agar keluarganya berqurban untuknya jika dia meninggal. Berqurban untuk mayit untuk kasus ini diperbolehkan jika dalam rangka menunaikan wasiat si mayit. (Dinukil dari catatan kaki <em>Syarhul Mumti’</em> yang diambil dari <em>Risalah Udl-hiyah Syaikh Ibn Utsaimin</em>51.</li>\r\n</ul>\r\n\r\n<p><strong>Umur Hewan Qurban</strong></p>\r\n\r\n<p>Untuk onta dan sapi: Jabir meriwayatkan Rasulullah<em>shallallahu ‘alaihi wa sallam</em>bersabda, <em>“Janganlah kalian menyembelih (qurban) kecuali musinnah. Kecuali apabila itu menyulitkan bagi kalian maka kalian boleh menyembelihdomba jadza’ah.”</em> (Muttafaq ‘alaih)</p>\r\n\r\n<p>Musinnah adalah hewan ternak yang sudah dewasa, dengan rincian:</p>\r\n\r\n<table align=\"center\" border=\"1\">\r\n <tbody>\r\n  <tr>\r\n   <td>\r\n   <p><strong>No.</strong></p>\r\n   </td>\r\n   <td>\r\n   <p><strong>Hewan</strong></p>\r\n   </td>\r\n   <td>\r\n   <p><strong>Umur minimal</strong></p>\r\n   </td>\r\n  </tr>\r\n  <tr>\r\n   <td>\r\n   <p>1.</p>\r\n   </td>\r\n   <td>Onta</td>\r\n   <td>\r\n   <p>5 tahun</p>\r\n   </td>\r\n  </tr>\r\n  <tr>\r\n   <td>\r\n   <p>2.</p>\r\n   </td>\r\n   <td>Sapi</td>\r\n   <td>\r\n   <p>2 tahun</p>\r\n   </td>\r\n  </tr>\r\n  <tr>\r\n   <td>\r\n   <p>3.</p>\r\n   </td>\r\n   <td>Kambing jawa</td>\r\n   <td>\r\n   <p>1 tahun</p>\r\n   </td>\r\n  </tr>\r\n  <tr>\r\n   <td>\r\n   <p>4.</p>\r\n   </td>\r\n   <td>Domba/ kambing gembel</td>\r\n   <td>\r\n   <p>6 bulan<br>\r\n   (domba <em>Jadza’ah</em>)</p>\r\n   </td>\r\n  </tr>\r\n </tbody>\r\n</table>\r\n\r\n<p>(lihat <em>Shahih Fiqih Sunnah</em>, II/371-372, <em>Syarhul Mumti’</em>, III/410, <em>Taudhihul Ahkaam</em>, IV/461)</p>\r\n\r\n<p><strong>Cacat Hewan Qurban</strong></p>\r\n\r\n<p>Cacat hewan qurban dibagi menjadi 3:</p>\r\n\r\n<p><strong>Cacat yang menyebabkan tidak sah untuk berqurban</strong>, ada 4 (**):</p>\r\n\r\n<ul>\r\n <li>Buta sebelah dan jelas sekali kebutaannya: Jika butanya belum jelas – orang yang melihatnya menilai belum buta – meskipun pada hakekatnya kambing tersebut satu matanya tidak berfungsi maka boleh diqurbankan. Demikian pula hewan yang rabun senja. ulama’ madzhab syafi’iyah menegaskan hewan yang rabun boleh digunakan untuk qurban karena bukan termasuk hewan yang buta sebelah matanya.</li>\r\n <li>Sakit dan tampak sekali sakitnya.</li>\r\n <li>Pincang dan tampak jelas pincangnya: Artinya pincang dan tidak bisa berjalan normal. Akan tetapi jika baru kelihatan pincang namun bisa berjalan dengan baik maka boleh dijadikan hewan qurban.</li>\r\n <li>Sangat tua sampai-sampai tidak punya sumsum tulang.</li>\r\n</ul>\r\n\r\n<p>Dan jika ada hewan yang cacatnya lebih parah dari 4 jenis cacat di atas maka lebih tidak boleh untuk digunakan berqurban. (lih. <em>Shahih Fiqih Sunnah</em>, II/373 & <em>Syarhul Mumti’</em>3/294).</p>\r\n\r\n<p><strong>Cacat yang menyebabkan makruh untuk berqurban</strong>, ada 2 (***):</p>\r\n\r\n<ul>\r\n <li>Sebagian atau keseluruhan telinganya terpotong</li>\r\n <li>Tanduknya pecah atau patah (lihat <em>Shahih Fiqih Sunnah</em>, II/373)</li>\r\n</ul>\r\n\r\n<p>Cacat yang tidak berpengaruh pada hewan qurban (boleh dijadikan untuk qurban) namun kurang sempurna.</p>\r\n\r\n<p>Selain 6 jenis cacat di atas atau cacat yang tidak lebih parah dari itu maka tidak berpengaruh pada status hewan qurban. Misalnya tidak bergigi (ompong), tidak berekor, bunting, atau tidak berhidung. <em>Wallahu a’lam</em></p>\r\n\r\n<p>(lihat <em>Shahih Fiqih Sunnah</em>, II/373)</p>\r\n\r\n<p>(**) Nabi <em>shallallahu ‘alaihi wa sallam</em> ditanya tentang cacat hewan apa yang harus dihindari ketika berqurban. Beliau menjawab: <em>“Ada empat cacat… dan beliau berisyarat dengan tangannya.”</em> (HR. Ahmad 4/300 & Abu Daud 2802, dinyatakan Hasan-Shahih oleh Turmudzi). Sebagian ulama menjelaskan bahwa isyarat Nabi <em>shallallahu ‘alaihi wa sallam</em>dengan tangannya ketika menyebutkan empat cacat tersebut menunjukkan bahwa Nabi <em>shallallahu ‘alaihi wa sallam</em> membatasi jenis cacat yang terlarang. Sehingga yang bukan termasuk empat jenis cacat sebagaimana dalam hadis boleh digunakan sebagai qurban. (<em>Syarhul Mumthi’</em> 7/464)</p>\r\n\r\n<p>(***) Terdapat hadis yang menyatakan larangan berqurban dengan hewan yang memilki dua cacat, telinga terpotong atau tanduk pecah. Namun hadisnya dlo’if, sehingga sebagian ulama menggolongkan cacat jenis kedua ini hanya menyebabkan makruh dipakai untuk qurban. (<em>Syarhul Mumthi’</em> 7/470)</p>\r\n\r\n<p><strong>Hewan yang Disukai dan Lebih Utama untuk Diqurbankan</strong></p>\r\n\r\n<p>Hendaknya hewan yang diqurbankan adalah hewan yang gemuk dan sempurna. Dalilnya adalah firman Allah ta’ala yang artinya, <em>“…barangsiapa yang mengagungkan syi’ar-syi’ar Allah maka sesungguhnya itu adalah berasal dari ketakwaan hati.”</em> (QS. Al Hajj: 32). Berdasarkan ayat ini Imam Syafi’i <em>rahimahullah</em> menyatakan bahwa orang yang berqurban disunnahkan untuk memilih hewan qurban yang besar dan gemuk. Abu Umamah bin Sahl mengatakan, <em>“Dahulu kami di Madinah biasa memilih hewan yang gemuk dalam berqurban. Dan memang kebiasaan kaum muslimin ketika itu adalah berqurban dengan hewan yang gemuk-gemuk.”</em> (HR. Bukhari secara mu’allaq namun secara tegas dan dimaushulkan oleh Abu Nu’aim dalam <em>Al Mustakhraj</em>, sanadnya hasan)</p>\r\n\r\n<p>Diantara ketiga jenis hewan qurban maka menurut mayoritas ulama yang paling utama adalah berqurban dengan onta, kemudian sapi kemudian kambing, jika biaya pengadaan masing-masing ditanggung satu orang (bukan urunan). Dalilnya adalah jawaban Nabi <em>shallallahu ‘alaihi wa sallam</em> ketika ditanya oleh Abu Dzar <em>radhiallahu ‘anhu</em> tentang budak yang lebih utama. Beliau bersabda, <em>“Yaitu budak yang lebih mahal dan lebih bernilai dalam pandangan pemiliknya”</em> (HR. Bukhari dan Muslim). (lihat <em>Shahih Fiqih Sunnah</em>, II/374)</p>\r\n\r\n<p><strong>Manakah yang Lebih Baik, Ikut Urunan Sapi atau Qurban Satu Kambing?</strong></p>\r\n\r\n<p>Sebagian ulama menjelaskan qurban satu kambing lebih baik dari pada ikut urunan sapi atau onta, karena tujuh kambing manfaatnya lebih banyak dari pada seekor sapi (lih. <em>Shahih Fiqh Sunnah</em>, 2/375, <em>Fatwa</em><em> Lajnah Daimah</em> no. 1149 & <em>Syarhul Mumthi’</em> 7/458). Disamping itu, terdapat alasan lain diantaranya:</p>\r\n\r\n<ul>\r\n <li>Qurban yang sering dilakukan Nabi <em>shallallahu ‘alaihi wa sallam</em> adalah utuh satu ekor, baik kambing, sapi, maupun onta, bukan 1/7 sapi atau 1/10 onta.</li>\r\n <li>Kegiatan menyembelihnya lebih banyak. Lebih-lebih jika hadis yang menyebutkan keutamaan qurban di atas statusnya shahih. Hal ini juga sesuai dengan apa yang dinyatakan oleh penulis kitab <em>Al Muhadzab Al Fairuz Abadzi As Syafi’i</em>. (lih. <em>Al Muhadzab</em> 1/74)</li>\r\n <li>Terdapat sebagian ulama yang melarang urunan dalam berqurban, diantaranya adalah Mufti Negri Saudi Syaikh Muhammad bin Ibrahim (lih. <em>Fatwa Lajnah</em> 11/453). Namun pelarangan ini didasari dengan qiyas (analogi) yang bertolak belakang dengan dalil sunnah, sehingga jelas salahnya.</li>\r\n</ul>\r\n\r\n<p><strong>Apakah Harus Jantan?</strong></p>\r\n\r\n<p>Tidak ada ketentuan jenis kelamin hewan qurban. Boleh jantan maupun betina. Dari Umu Kurzin <em>radliallahu ‘anha, </em>Rasulullah <em>shallallahu ‘alaihi wa sallam</em> bersabda: <em>“Aqiqah untuk anal laki-laki dua kambing dan anak perempuan satu kambing. Tidak jadi masalah jantan maupun betina.”</em> (HR. Ahmad 27900 & An Nasa’i 4218 dan dishahihkan Syaikh Al Albani). Berdasarkan hadis ini, Al Fairuz Abadzi As Syafi’i mengatakan: <em>“Jika dibolehkan menggunakan hewan betina ketika aqiqah berdasarkan hadis ini, menunjukkan bahwa hal ini juga boleh untuk berqurban.”</em> (<em>Al Muhadzab</em> 1/74)</p>\r\n\r\n<p>Namun umumnya hewan jantan itu lebih baik dan lebih mahal dibandingkan hewan betina. Oleh karena itu, tidak harus hewan jantan namun diutamakan jantan.</p>\r\n\r\n<p><strong>Larangan Bagi yang Hendak Berqurban</strong></p>\r\n\r\n<p>Orang yang hendak berqurban dilarang <a href=\"https://muslim.or.id/fiqh-dan-muamalah/larangan-mencukur-rambut-dan-memotong-kuku-bagi-shohibul-qurban.html\">memotong kuku</a> dan memotong rambutnya (yaitu orang yang hendak qurban bukan hewan qurbannya). Dari Ummu Salamah dari Nabi <em>shallallahu ‘alaihi wa sallam</em> beliau bersabda, <em>“Apabila engkau telah memasuki sepuluh hari pertama (bulan Dzulhijjah) sedangkan diantara kalian ingin berqurban maka janganlah dia menyentuh sedikitpun bagian dari rambut dan kulitnya.”</em> (HR. Muslim). Larangan tersebut berlaku untuk cara apapun dan untuk bagian manapun, mencakup larangan mencukur gundul atau sebagian saja, atau sekedar mencabutinya. Baik rambut itu tumbuh di kepala, kumis, sekitar kemaluan maupun di ketiak (lihat <em>Shahih Fiqih Sunnah</em>, II/376).</p>\r\n\r\n<p><strong>Apakah larangan ini hanya berlaku untuk kepala keluarga</strong> ataukah berlaku juga untuk anggota keluarga shohibul qurban?</p>\r\n\r\n<p><strong>Jawab:</strong> Larangan ini hanya berlaku untuk kepala keluarga (shohibul qurban) dan tidak berlaku bagi anggota keluarganya. Karena 2 alasan:</p>\r\n\r\n<ul>\r\n <li>Dlahir hadis menunjukkan bahwa larangan ini hanya berlaku untuk yang mau berqurban.</li>\r\n <li>Nabi <em>shallallahu ‘alaihi wa sallam</em> sering berqurban untuk dirinya dan keluarganya. Namun belum ditemukan riwayat bahwasanya beliau menyuruh anggota keluarganya untuk tidak memotong kuku maupun rambutnya. (<em>Syarhul Mumti’</em> 7/529)</li>\r\n</ul>\r\n\r\n<p><strong>Waktu Penyembelihan</strong></p>\r\n\r\n<p>Waktu penyembelihan qurban adalah pada hari Iedul Adha dan 3 hari sesudahnya (hari tasyriq). Rasulullah <em>shallallahu ‘alaihi wa sallam</em> bersabda, <em>“Setiap hari taysriq adalah (hari) untuk menyembelih (qurban).”</em> (HR. Ahmad dan Baihaqi) Tidak ada perbedaan waktu siang ataupun malam. Baik siang maupun malam sama-sama dibolehkan. Namun menurut Syaikh Al Utsaimin, melakukan penyembelihan di waktu siang itu lebih baik. (<em>Tata Cara Qurban Tuntunan Nabi</em>, hal. 33). Para ulama sepakat bahwa penyembelihan qurban tidak boleh dilakukan sebelum terbitnya fajar di hari Iedul Adha. Nabi <em>shallallahu ‘alaihi wa sallam</em>bersabda, <em>“Barangsiapa yang menyembelih sebelum shalat Ied maka sesungguhnya dia menyembelih untuk dirinya sendiri (bukan qurban). Dan barangsiapa yang menyembelih sesudah shalat itu maka qurbannya sempurna dan dia telah menepati sunnahnya kaum muslimin.”</em> (HR. Bukhari dan Muslim) (lihat <em>Shahih Fiqih Sunnah</em>, II/377)</p>\r\n\r\n<p><strong>Tempat Penyembelihan</strong></p>\r\n\r\n<p>Tempat yang disunnahkan untuk menyembelih adalah tanah lapangan tempat shalat ‘ied diselenggarakan. Terutama bagi imam/penguasa/tokoh masyarakat, dianjurkan untuk menyembelih qurbannya di lapangan dalam rangka memberitahukan kepada kaum muslimin bahwa qurban sudah boleh dilakukan dan mengajari tata cara qurban yang baik. Ibnu ‘Umar mengatakan, <em>“Dahulu Rasulullah shallallahu ‘alaihi wa sallam biasa menyembelih kambing dan onta (qurban) di lapangan tempat shalat.”</em> (HR. Bukhari 5552).</p>\r\n\r\n<p>Dan dibolehkan untuk menyembelih qurban di tempat manapun yang disukai, baik di rumah sendiri ataupun di tempat lain. (Lihat <em>Shahih Fiqih Sunnah</em>, II/378)</p>\r\n\r\n<p><strong>Penyembelih Qurban</strong></p>\r\n\r\n<p>Disunnahkan bagi shohibul qurban untuk menyembelih hewan qurbannya sendiri namun boleh diwakilkan kepada orang lain. Syaikh Ali bin Hasan mengatakan: <em>“Saya tidak mengetahui adanya perbedaan pendapat di kalangan ulama’ dalam masalah ini.”</em> Hal ini berdasarkan hadits Ali bin Abi Thalib <em>radhiallahu ‘anhu</em> di dalam <em>Shahih Muslim </em>yang menceritakan bahwa pada saat qurban Rasulullah<em> shallallahu ‘alaihi wa sallam</em> pernah menyembelih beberapa onta qurbannya dengan tangan beliau sendiri kemudian sisanya diserahkan kepada Ali bin Abi Thalib <em>radhiallahu ‘anhu</em> untuk disembelih. (lih. <em>Ahkaamul Idain</em>, 32)</p>\r\n\r\n<p><strong>Tata Cara Penyembelihan</strong></p>\r\n\r\n<ul>\r\n <li>Sebaiknya pemilik qurban menyembelih hewan qurbannya sendiri.</li>\r\n <li>Apabila pemilik qurban tidak bisa menyembelih sendiri maka sebaiknya dia ikut datang menyaksikan penyembelihannya.</li>\r\n <li>Hendaknya memakai alat yang tajam untuk menyembelih.</li>\r\n <li>Hewan yang disembelih dibaringkan di atas lambung kirinya dan dihadapkan ke kiblat. Kemudian pisau ditekan kuat-kuat supaya cepat putus.</li>\r\n <li>Ketika akan menyembelih disyari’akan membaca “<em>Bismillaahi wallaahu akbar</em>” ketika menyembelih. Untuk bacaan <em>bismillah</em> (tidak perlu ditambahi Ar Rahman dan Ar Rahiim) hukumnya wajib menurut Imam Abu Hanifah, Malik dan Ahmad, sedangkan menurut Imam Syafi’i hukumnya sunnah. Adapun bacaan takbir – <em>Allahu akbar</em> – para ulama sepakat kalau hukum membaca takbir ketika menyembelih ini adalah sunnah dan bukan wajib. Kemudian diikuti bacaan:\r\n <ul>\r\n  <li><em>hadza minka wa laka.”</em> (HR. Abu Dawud 2795) Atau</li>\r\n  <li><em>hadza minka wa laka ‘anni atau ‘an fulan (disebutkan nama shahibul qurban).”</em> atau</li>\r\n  <li>Berdoa agar Allah menerima qurbannya dengan doa, <em>“Allahumma taqabbal minni atau min fulan</em> (disebutkan nama shahibul qurban)” (lih. <em>Tata Cara Qurban Tuntunan Nabi</em>, hal. 92)<strong>Catatan</strong>: Tidak terdapat do’a khusus yang panjang bagi shohibul qurban ketika hendak menyembelih. <em>Wallahu a’lam.</em></li>\r\n </ul>\r\n </li>\r\n</ul>\r\n\r\n<p><strong>Bolehkah Mengucapkan Shalawat Ketika Menyembelih?</strong></p>\r\n\r\n<p>Tidak boleh mengucapkan shalawat ketika hendak menyembelih, karena 2 alasan:</p>\r\n\r\n<ul>\r\n <li>Tidak terdapat dalil bahwa Nabi <em>shallallahu ‘alaihi wa sallam</em> mengucapkan shalawat ketika menyembelih. Sementara beribadah tanpa dalil adalah perbuatan bid’ah.</li>\r\n <li>Bisa jadi orang akan menjadikan nama Nabi Muhammad <em>shallallahu ‘alaihi wa sallam</em>sebagai wasilah ketika qurban. Atau bahkan bisa jadi seseorang membayangkan Nabi <em>shallallahu ‘alaihi wa sallam</em> ketika menyembelih, sehingga sembelihannya tidak murni untuk Allah. (lih. <em>Syarhul Mumti’</em> 7/492)</li>\r\n</ul>\r\n\r\n<p><strong>Pemanfaatan Hasil Sembelihan</strong></p>\r\n\r\n<p>Bagi pemilik hewan qurban dibolehkan <a href=\"https://muslim.or.id/fiqh-dan-muamalah/pemanfaatan-hewan-qurban.html\">memanfaatkan daging qurbannya</a>, melalui:</p>\r\n\r\n<ul>\r\n <li>Dimakan sendiri dan keluarganya, bahkan sebagian ulama menyatakan <em>shohibul qurban</em> wajib makan bagian hewan qurbannya. Termasuk dalam hal ini adalah berqurban karena nadzar menurut pendapat yang benar.</li>\r\n <li>Disedekahkan kepada orang yang membutuhkan</li>\r\n <li>Dihadiahkan kepada orang yang kaya</li>\r\n <li>Disimpan untuk bahan makanan di lain hari. Namun penyimpanan ini hanya dibolehkan jika tidak terjadi musim paceklik atau krisis makanan.</li>\r\n</ul>\r\n\r\n<p>Dari Salamah bin Al Akwa’ dia berkata; Rasulullah <em>shallallahu ‘alaihi wa sallam</em> bersabda, <em>“Barangsiapa diantara kalian yang berqurban maka jangan sampai dia menjumpai subuh hari ketiga sesudah Ied sedangkan dagingnya masih tersisa walaupun sedikit.”</em> Ketika datang tahun berikutnya maka para sahabat mengatakan, <em>“Wahai Rasulullah, apakah kami harus melakukan sebagaimana tahun lalu ?”</em> Maka beliau menjawab, <em>“(Adapun sekarang) Makanlah sebagian, sebagian lagi berikan kepada orang lain dan sebagian lagi simpanlah. Pada tahun lalu masyarakat sedang mengalami kesulitan (makanan) sehingga aku berkeinginan supaya kalian membantu mereka dalam hal itu.”</em> (HR. Bukhari dan Muslim). Menurut mayoritas ulama perintah yang terdapat dalam hadits ini menunjukkan hukum sunnah, bukan wajib (lihat <em>Shahih Fiqih Sunnah</em>, II/378). Oleh sebab itu, boleh mensedekahkan semua hasil sembelihan qurban. Sebagaimana diperbolehkan untuk tidak menghadiahkannya (kepada orang kaya, ed.) sama sekali kepada orang lain (<em>Minhaajul Muslim</em>, 266). (artinya hanya untuk shohibul qurban dan sedekah pada orang miskin, ed.)</p>\r\n\r\n<p><strong>Bolehkah Memberikan Daging Qurban Kepada Orang Kafir?</strong></p>\r\n\r\n<p>Ulama madzhab Malikiyah berpendapat makruhnya memberikan daging qurban kepada <a href=\"https://muslim.or.id/fiqh-dan-muamalah/jatah-kurban-untuk-orang-kafir.html\">orang kafir</a>, sebagaimana kata Imam Malik: <em>“(diberikan) kepada selain mereka (orang kafir) lebih aku sukai.”</em> Sedangkan syafi’iyah berpendapat haramnya memberikan daging qurban kepada orang kafir untuk qurban yang wajib (misalnya qurban nadzar, pen.) dan makruh untuk qurban yang sunnah. (lih. <em>Fatwa Syabakah Islamiyah</em> no. 29843). Al Baijuri As Syafi’I mengatakan<em>: “Dalam Al Majmu’ (Syarhul Muhadzab) disebutkan, boleh memberikan sebagian qurban sunnah kepada kafir dzimmi yang faqir. Tapi ketentuan ini tidak berlaku untuk qurban yang wajib.”</em> (<em>Hasyiyah Al Baijuri</em> 2/310)</p>\r\n\r\n<p>Lajnah Daimah (Majlis Ulama’ saudi Arabia) ditanya tentang bolehkah memberikan daging qurban kepada orang kafir.</p>\r\n\r\n<p><strong>Jawaban Lajnah:</strong></p>\r\n\r\n<p><em>“Kita dibolehkan memberi daging qurban kepada orang kafir Mu’ahid (****) baik karena statusnya sebagai orang miskin, kerabat, tetangga, atau karena dalam rangka menarik simpati mereka… namun tidak dibolehkan memberikan daging qurban kepada orang kafir Harby, karena kewajiban kita kepada kafir harby adalah merendahkan mereka dan melemahkan kekuatan mereka. Hukum ini juga berlaku untuk pemberian sedekah. Hal ini berdasarkan keumuman firman Allah:</em></p>\r\n\r\n<p>“<em>Allah tidak melarang kamu untuk berbuat baik dan berlaku adil terhadap orang-orang yang tidak memerangimu karena agama dan tidak mengusir kamu dari negerimu. Sesungguhnya Allah menyukai orang-orang yang berlaku adil</em>.” (QS. Al Mumtahanah 8)</p>\r\n\r\n<p><em>Demikian pula Nabi shallallahu ‘alaihi wa sallam pernah memerintahkan Asma’ binti Abu Bakr radhiallahu ‘anhu untuk menemui ibunya dengan membawa harta padahal ibunya masih musyrik.”</em> (<em>Fatwa Lajnah Daimah</em> no. 1997).</p>\r\n\r\n<p>Kesimpulannya, memberikan bagian hewan qurban kepada orang kafir dibolehkan karena status hewan qurban sama dengan sedekah atau hadiah, dan diperbolehkan memberikan sedekah maupun hadiah kepada orang kafir. Sedangkan pendapat yang melarang adalah pendapat yang tidak kuat karena tidak berdalil.</p>\r\n\r\n<p><strong>(****) </strong><strong>Kafir Mu’ahid</strong>: Orang kafir yang mengikat perjanjian damai dengan kaum muslimin. Termasuk orang kafir mu’ahid adalah orang kafir yang masuk ke negeri islam dengan izin resmi dari pemerintah. <strong>Kafir Harby</strong>: Orang kafir yang memerangi kaum muslimin. <strong>Kafir Dzimmi</strong>: Orang kafir yang hidup di bawah kekuasaan kaum muslimin.</p>\r\n\r\n<p><strong>Larangan Memperjual-Belikan Hasil Sembelihan</strong></p>\r\n\r\n<p>Tidak diperbolehkan memperjual-belikan bagian hewan sembelihan, baik daging, kulit, kepala, teklek, bulu, tulang maupun bagian yang lainnya. Ali bin Abi Thalib <em>radhiallahu ‘anhu</em>mengatakan, <em>“Rasulullah shallallahu ‘alaihi wa sallam memerintahkan aku untuk mengurusi penyembelihan onta qurbannya. Beliau juga memerintahkan saya untuk membagikan semua kulit tubuh serta kulit punggungnya. Dan saya tidak diperbolehkan memberikan bagian apapun darinya kepada tukang jagal.”</em> (HR. Bukhari dan Muslim). Bahkan terdapat ancaman keras dalam masalah ini, sebagaimana hadis berikut:</p>\r\n\r\n<p>?? ??? ??? ?????? ??? ????? ??</p>\r\n\r\n<p>Dari Abu Hurairah <em>radhiallahu ‘anhu</em>, Rasulullah <em>shallallahu ‘alaihi wa sallam</em> bersabda: <em>“Barang siapa yang menjual kulit hewan qurbannya maka <strong>ibadah qurbannya tidak</strong> <strong>ada nilainya</strong>.”</em> (HR. Al Hakim 2/390 & Al Baihaqi. Syaikh Al Albani mengatakan: Hasan)</p>\r\n\r\n<p>Tetang haramnya pemilik hewan menjual kulit qurban merupakan pendapat mayoritas ulama, meskipun Imam Abu Hanifah menyelisihi mereka. Namun mengingat dalil yang sangat tegas dan jelas maka pendapat siapapun harus disingkirkan.</p>\r\n\r\n<p><strong>Catatan</strong>:</p>\r\n\r\n<ul>\r\n <li>Termasuk memperjual-belikan bagian hewan qurban adalah menukar kulit atau kepala dengan daging atau menjual kulit untuk kemudian dibelikan kambing. Karena hakekat jual-beli adalah tukar-menukar meskipun dengan selain uang.</li>\r\n <li>Transaksi jual-beli kulit hewan qurban yang belum dibagikan adalah transaksi yang tidak sah. Artinya penjual tidak boleh menerima uang hasil penjualan kulit dan pembeli tidak berhak menerima kulit yang dia beli. Hal ini sebagaimana perkataan Al Baijuri: <em>“Tidak sah jual beli (bagian dari hewan qurban) disamping transaksi ini adalah haram.”</em>Beliau juga mengatakan: <em>“Jual beli kulit hewan qurban juga tidak sah karena hadis yang diriwayatkan Hakim (baca: hadis di atas).”</em> (<em>Fiqh Syafi’i</em> 2/311).</li>\r\n <li>Bagi orang yang menerima kulit dibolehkan memanfaatkan kulit sesuai keinginannya, baik dijual maupun untuk pemanfaatan lainnya, karena ini sudah menjadi haknya. Sedangkan menjual kulit yang dilarang adalah menjual kulit sebelum dibagikan (disedekahkan), baik yang dilakukan panitia maupun shohibul qurban.</li>\r\n</ul>\r\n\r\n<p><strong>Larangan Mengupah Jagal Dengan Bagian Hewan Sembelihan</strong></p>\r\n\r\n<p>Dari Ali bin Abi Thalib <em>radhiallahu ‘anhu</em> <em>bahwa “Beliau pernah diperintahkan Nabi shallallahu ‘alaihi wa sallam untuk mengurusi penyembelihan ontanya dan agar membagikan seluruh bagian dari sembelihan onta tersebut, baik yang berupa daging, kulit tubuh maupun pelana. Dan dia tidak boleh memberikannya kepada jagal barang sedikitpun.”</em>(HR. Bukhari dan Muslim) dan dalam lafaz lainnya beliau berkata, <em>“Kami mengupahnya dari uang kami pribadi.”</em> (HR. Muslim)<strong>. </strong>Danini merupakan pendapat mayoritas ulama (lihat <em>Shahih Fiqih Sunnah</em>, II/379)</p>\r\n\r\n<p>Syaikh Abdullah Al Bassaam mengatakan, <em>“Tukang jagal tidak boleh diberi daging atau kulitnya sebagai bentuk upah atas pekerjaannya. Hal ini berdasarkan kesepakatan para ulama. Yang diperbolehkan adalah memberikannya sebagai bentuk hadiah jika dia termasuk orang kaya atau sebagai sedekah jika ternyata dia adalah miskin…..”</em> (<em>Taudhihul Ahkaam</em>, IV/464). Pernyataan beliau semakna dengan pernyataan Ibn Qosim yang mengatakan: <em>“Haram menjadikan bagian hewan qurban sebagai upah bagi jagal.”</em> Perkataan beliau ini dikomentari oleh Al Baijuri: <em>“Karena hal itu (mengupah jagal) semakna dengan jual beli. Namun jika jagal diberi bagian dari qurban dengan status sedekah bukan upah maka tidak haram.”</em> (<em>Hasyiyah Al Baijuri As Syafi’i</em> 2/311).</p>\r\n\r\n<p>Adapun bagi orang yang memperoleh hadiah atau sedekah daging qurban diperbolehkan memanfaatkannya sekehendaknya, bisa dimakan, dijual atau yang lainnya. Akan tetapi tidak diperkenankan menjualnya kembali kepada orang yang memberi hadiah atau sedekah kepadanya (<em>Tata Cara Qurban Tuntunan Nabi</em>, 69)</p>\r\n\r\n<p><strong>Menyembelih Satu Kambing Untuk Makan-Makan Panitia? Atau Panitia Dapat Jatah Khusus?</strong></p>\r\n\r\n<p>Status panitia maupun jagal dalam pengurusan hewan qurban adalah sebagai wakil dari shohibul qurban dan bukan amil (*****). Karena statusnya hanya sebagai wakil maka panitia qurban tidak diperkenankan mengambil bagian dari hewan qurban <strong>sebagai ganti dari jasa dalam mengurusi hewan qurban.</strong> Untuk lebih memudahkan bisa diperhatikan ilustrasi kasus berikut:</p>\r\n\r\n<p>Adi ingin mengirim uang Rp 1 juta kepada Budi. Karena tidak bisa ketemu langsung maka Adi mengutus Rudi untuk mengantarkan uang tersebut kepada Budi. Karena harus ada biaya transport dan biaya lainnya maka Adi memberikan sejumlah uang kepada Rudi. Bolehkah uang ini diambilkan dari uang Rp 1 juta yang akan dikirimkan kepada Budi?? Semua orang akan menjawab: “TIDAK BOLEH KARENA BERARTI MENGURANGI UANGNYA BUDI.”</p>\r\n\r\n<p>Status Rudi pada kasus di atas hanyalah sebagai wakil Adi. Demikian pula qurban. Status <a href=\"https://muslim.or.id/fiqh-dan-muamalah/panitia-dapat-jatah-dari-hasil-qurban.html\">panitia</a> hanya sebagai wakil pemilik hewan, sehingga dia tidak boleh mengambil bagian qurban sebagai ganti dari jasanya. Oleh karena itu, jika menyembelih satu kambing untuk makan-makan panitia, atau panitia dapat jatah khusus sebagai ganti jasa dari kerja yang dilakukan panitia maka ini tidak diperbolehkan.</p>\r\n\r\n<p>(*****) Sebagian orang menyamakan status panitia qurban sebagaimana status amil dalam zakat. Bahkan mereka meyebut panitia qurban dengan ‘amil qurban’. Akibatnya mereka beranggapan panitia memiliki jatah khusus dari hewan qurban sebagaimana amil zakat memiliki jatah khusus dari harta zakat. Yang benar, amil zakat tidaklah sama dengan panitia pengurus qurban. Karena untuk bisa disebut amil, harus memenuhi beberapa persyaratan. Sementara pengurus qurban hanya sebatas wakil dari shohibul qurban, sebagaimana status sahabat Ali <em>radhiallahu ‘anhu</em> dalam mengurusi qurban Nabi <em>shallallahu ‘alaihi wa sallam</em>. Dan tidak ada riwayat Ali <em>radhiallahu ‘anhu</em> mendapat jatah khusus dari qurbannya Nabi <em>shallallahu ‘alaihi wa sallam</em>.</p>\r\n\r\n<p><strong>Nasehat & Solusi Untuk Masalah Kulit</strong></p>\r\n\r\n<p>Satu penyakit kronis yang menimpa ibadah qurban kaum muslimin bangsa kita, mereka tidak bisa lepas dari ‘fiqh praktis’ menjual kulit atau menggaji jagal dengan kulit. Memang kita akui ini adalah jalan pintas yang paling cepat untuk melepaskan diri dari tanggungan mengurusi kulit. Namun apakah jalan pintas cepat ini menjamin keselamatan??? Bertaqwalah kepada Allah wahai kaum muslimin… sesungguhnya ibadah qurban telah diatur dengan indah dan rapi oleh Sang Peletak Syari’ah. Jangan coba-coba untuk keluar dari aturan ini karena bisa jadi qurban kita tidak sah. Berusahalah untuk senantiasa berjalan sesuai syari’at meskipun jalurnya ‘kelihatannya’ lebih panjang dan sedikit menyibukkan. Jangan pula terkecoh dengan pendapat sebagian orang, baik ulama maupun yang <em>ngaku-ngaku</em> ulama, karena orang yang berhak untuk ditaati secara mutlak hanya satu yaitu Nabi kita Muhammad <em>shallallahu ‘alaihi wa sallam</em>. Maka semua pendapat yang bertentangan dengan hadis beliau harus dibuang jauh-jauh.</p>\r\n\r\n<p>Tidak perlu bingung dan merasa repot. Bukankah Ali bin Abi Thalib <em>radhiallahu ‘anhu</em>pernah mengurusi qurbannya Nabi <em>shallallahu ‘alaihi wa sallam</em> yang jumlahnya 100 ekor onta?! Tapi tidak ada dalam catatan sejarah Ali bin Abi thalib <em>radhiallahu ‘anhu</em> bingung ngurusi kulit dan kepala. Demikianlah kemudahan yang Allah berikan bagi orang yang 100% mengikuti aturan syari’at. Namun bagi mereka (baca: panitia) yang masih merasa bingung ngurusi kulit, bisa dilakukan beberapa solusi berikut:</p>\r\n\r\n<ul>\r\n <li>Kumpulkan semua kulit, kepala, dan kaki hewan qurban. Tunjuk sejumlah orang miskin sebagai sasaran penerima kulit. Tidak perlu diantar ke rumahnya, tapi cukup hubungi mereka dan sampaikan bahwa panitia siap menjualkan kulit yang sudah menjadi hak mereka. Dengan demikian, status panitia dalam hal ini adalah sebagai wakil bagi pemilik kulit untuk menjualkan kulit, bukan wakil dari shohibul qurban dalam menjual kulit.</li>\r\n <li>Serahkan semua atau sebagian kulit kepada yayasan islam sosial (misalnya panti asuhan atau pondok pesantren). (Terdapat Fatwa Lajnah yang membolehkan menyerahkan bagian hewan qurban kepada yayasan).</li>\r\n</ul>\r\n\r\n<p><strong>Mengirim sejumlah uang untuk dibelikan hewan qurban di tempat tujuan (di luar daerah pemilik hewan) dan disembelih di tempat tersebut? atau mengirimkan hewan hidup ke tempat lain untuk di sembelih di sana?</strong></p>\r\n\r\n<p>Pada asalnya tempat menyembelih qurban adalah daerah orang yang berqurban. Karena orang-orang yang miskin di daerahnya itulah yang lebih berhak untuk disantuni. Sebagian syafi’iyah mengharamkan mengirim hewan qurban atau uang untuk membeli hewan qurban ke tempat lain – di luar tempat tinggal shohibul qurban – selama tidak ada maslahat yang menuntut hal itu, seperti penduduk tempat shohibul qurban yang sudah kaya sementara penduduk tempat lain sangat membutuhkan. Sebagian ulama membolehkan secara mutlak (meskipun tidak ada tuntutan maslahat). Sebagai jalan keluar dari perbedaan pendapat, sebagian ulama menasehatkan agar tidak mengirim hewan qurban ke selain tempat tinggalnya. Artinya tetap disembelih di daerah shohibul qurban dan yang dikirim keluar adalah dagingnya. (lih. <em>Fatwa Syabakah Islamiyah</em> no. 2997, 29048, dan 29843 & <em>Shahih Fiqih Sunnah</em>, II/380</p>\r\n\r\n<p>Kesimpulannya, berqurban dengan model seperti ini (mengirim hewan atau uang dan bukan daging) termasuk qurban yang sah namun menyelisihi sunnah Nabi <em>shallallahu ‘alaihi wa sallam</em> karena tiga hal:</p>\r\n\r\n<ul>\r\n <li>Nabi <em>shallallahu ‘alaihi wa sallam</em> dan para sahabat <em>radiallahu ‘anhum</em> tidak pernah mengajarkannya</li>\r\n <li>Hilangnya sunnah anjuran untuk disembelih sendiri oleh shohibul qurban</li>\r\n <li>Hilangnya sunnah anjuran untuk makan bagian dari hewan qurban.</li>\r\n</ul>\r\n\r\n<p><em>Wallaahu waliyut taufiq.</em></p>\r\n\r\n<p>Bagi para pembaca yang ingin membaca penjelasan yang lebih lengkap dan memuaskan silakan baca buku <strong>Tata Cara Qurban Tuntunan Nabi <em>shallallahu ‘alaihi wa sallam</em></strong> yang diterjemahkan Ustadz Aris Munandar <em>hafizhahullah</em> dari <em>Talkhish Kitab Ahkaam Udh-hiyah wadz Dzakaah</em> karya Syaikh Al Utsaimin <em>rahimahullah</em>, penerbit Media Hidayah. Semoga risalah yang ringkas sebagai pelengkap untuk tulisan saudaraku Abu Muslih <em>hafizhahullah</em>ini bermanfaat dan menjadi amal yang diterima oleh Allah ta’ala, sesungguhnya Dia Maha Pemurah lagi Maha Mulia. Shalawat dan salam semoga terlimpah kepada Nabi Muhammad <em>shallallahu ‘alaihi wa sallam</em>, serta seluruh pengikut beliau yang setia. <em>Alhamdulillaahi Rabbil ‘aalamiin.</em></p>\r\n\r\n<p>Yogyakarta, 1 Dzul hijjah 1428</p>\r\n\r\n<p><strong>Keutamaan Tanggal 1 Sampai 10 Dzul Hijjah</strong></p>\r\n\r\n<p>Dari Ibn Abbas <em>radhiallahu ‘anhu</em> Nabi <em>shallallahu ‘alaihi wa sallam</em> bersabda:</p>\r\n\r\n<p>?? ?? ????? ????? ??????? ???? ???? ??? ????? ?? ??? ??????? – ???? ????? ????? – ????? : ?? ???? ????? ??? ?????? ?? ???? ????? ? ??? : ??? ?????? ?? ???? ????? ? ???? ??? ??? ????? ????? ? ??? ???? ?? ??? ????.</p>\r\n\r\n<p>“<em>Tidak ada satu amal sholeh yang lebih dicintai oleh Allah melebihi amal sholeh yang dilakukan selama 10 hari pertama bulan Dzul Hijjah.” Para sahabat bertanya: “Tidak pula jihad?” Nabi shallallahu ‘alaihi wa sallam menjawab: “Tidak pula jihad, kecuali orang yang berangkat jihad dengan jiwa dan hartanya namun tidak ada yang kembali satupun</em>.” (HR. Abu Daud & dishahihkan Syaikh Al Albani)</p>\r\n\r\n<p>Berdasarkan hadis tersebut, ulama’ sepakat dianjurkannya berpuasa selama 8 hari pertama bulan Dzul hijjah. Dan lebih ditekankan lagi pada tanggal 9 Dzul Hijjah (Hari ‘Arafah)</p>\r\n\r\n<p>Diceritakan oleh Al Mundziri dalam At Targhib (2/150) bahwa Sa’id bin Jubair (Murid terbaik Ibn Abbas) ketika memasuki tanggal satu Dzul Hijjah, beliau sangat bersungguh-sungguh dalam beribadah sampai hampir tidak bisa mampu melakukannya.</p>\r\n\r\n<p><strong>Bagaimana dengan Puasa Hari Tarwiyah (8 Dzul Hijjah) Secara Khusus?</strong></p>\r\n\r\n<p>Terdapat hadis yang menyatakan: <em>“Orang yang berpuasa pada hari tarwiyah maka baginya pahala puasa satu tahun.”</em> <strong>Namun hadis ini hadits palsu</strong> sebagaimana ditegaskan oleh Ibnul Zauzy (<em>Al Maudhu’at</em> 2/198), As Suyuthi (<em>Al Masnu’</em> 2/107), As Syaukani (<em>Al Fawaidul Majmu’ah</em>).</p>\r\n\r\n<p>Oleh karena itu, tidak perlu berniat khusus untuk berpuasa pada tanggal 8 Dzul Hijjah karena hadisnya dhaif. Namun jika berpuasa karena mengamalkan keumuman hadis shahih di atas maka diperbolehkan. (disarikan dari <em>Fatwa Yas-aluunaka</em>, Syaikh Hissamuddin ‘Affaanah). <em>Wallaahu a’lam.</em></p>\r\n\r\n<p>***</p>','Sabtu','2018-08-18','12:57:47','db078906a1c5a2e129f6a8bd35addcd0.jpg',0,'film,israel'),(11,'Administrator','Kewajiban Memilih Pemimpin','kewajiban-memilih-pemimpin','<p>Dalam konteks yang pertama, ada beberapa hal yang harus dikemukakan. <em>Pertama</em>: Memilih pemimpin memang wajib, tetapi dalam urusan atau perkara yang dibenarkan oleh syariah. Ketentuan ini berlaku, jika ada sekelompok orang, minimal tiga atau lebih, masing-masing mempunyai urusan yang sama (<em>umûr musytarakah</em>), dan urusan mereka sama-sama dibenarkan oleh syariah. Kesimpulan ini ditarik dari nash hadis yang menyatakan:</p>\r\n\r\n<p>«????? ????? ????????? ??? ?????? ??????????????? ??????????»</p>\r\n\r\n<p><em>Jika ada tiga orang bepergian, hendaknya mereka mengangkat salah seorang di antara mereka menjadi pemimpinnya </em>(HR Abu Dawud dari Abu Hurairah).</p>\r\n\r\n<p>Frasa <em>fî safar[in] </em>(bepergian) menunjukkan, bahwa ketiga orang tersebut mempunyai urusan yang sama (<em>umûr musytarakah</em>), yaitu sama-sama hendak bepergian, dan bepergian itu sendiri hukum asalnya adalah mubah (dibenarkan syariah). Dari frasa tersebut bisa ditarik kesimpulan, jika dalam urusan yang mubah saja mengangkat pemimpin hukumnya wajib, tentu dalam perkara yang wajib lebih wajib lagi. Inilah <em>mafhûm muwâfaqah</em> yang bisa kita tarik dari nash hadis di atas.</p>\r\n\r\n<p><em>Kedua</em>: Kepala negara atau kepala daerah adalah pemimpin yang menjalankan urusan pemerintahan (<em>al-hâkim</em>), yang bertugas menerapkan hukum (<em>munâfidz al-hukm</em>) di tengah-tengah masyarakat. Dalam konteks ini al-Quran menegaskan:</p>\r\n\r\n<p>??? ???????? ????????? ??????? ????????? ??????? ??????????? ?????????? ???????? ??????? ????????</p>\r\n\r\n<p><em>Wahai orang-orang yang beriman, taatilah Allah dan taatilah Rasul-Nya serta para pemimpin di antara kalian </em>(QS an-Nisa’ [4]: 59).</p>\r\n\r\n<p>Ayat ini menjelaskan hukum wajibnya menaati <em>uli al-amr, </em>yaitu orang yang mendapatkan mandat untuk memerintah rakyat (<em>al-hâkim</em>), karena pengertian <em>uli al-amr </em>dalam bahasa Arab tidak ada lain, kecuali <em>al-hâkim</em>. Namun, ayat ini tidak berlaku untuk semua <em>uli al-amr</em>, melainkan <em>uli al-amr minkum</em>, yaitu <em>uli al-amr </em>dari kalangan umat Islam. Tidak juga untuk<em>uli al-amr </em>yang tidak menjalankan hukum-hukum Allah, karena kita dilarang untuk menaati orang yang bermaksiat kepada Allah, sebagaimana yang dinyatakan dalam hadis Ahmad.1</p>\r\n\r\n<p>Karena itu, menaati kepala negara atau kepala daerah Muslim yang menjalankan hukum-hukum Allah adalah wajib; mengangkat mereka pun hukumnya wajib. Sebab, jika mereka tidak ada, kewajiban untuk menaati mereka pun tidak bisa dijalankan. Dengan begitu, hukum memilih atau mengangkat mereka pun menjadi wajib. Ini merupakan bagian dari<em>dalâlah iltizâm </em>ayat di atas.</p>\r\n\r\n<p>Namun, para ulama sepakat, bahwa kewajiban dalam konteks ini bukanlah kewajiban orang-perorang (<em>fardhu ‘ain</em>), melainkan kewajiban orang secara kolektif (<em>fardhu kifâyah</em>). Inilah yang dijelaskan dalam hadis baiat.2</p>\r\n\r\n<p><em>Ketiga</em>: Islam mempunyai metode baku untuk mengangkat kepala negara, yaitu <em>baiat</em>. Baiat adalah akad sukarela (<em>‘aqd muradhah</em>) antara rakyat dengan kepala negara untuk memerintah mereka berdasarkan hukum-hukum Allah.3 Karena itu, bisa dikatakan, bahwa baiat<em> </em>adalah satu-satunya metode pengangkatan kepala negara di dalam Islam. Dalam istilah teknis <em>fuqaha’</em>, baiat untuk mengangkat kepala negara tersebut disebut baiat<em>in’iqâd. </em>Sebab, baiat inilah yang secara nyata menandai perpindahan kekuasaan dari tangan umat ke tangan kepala negara (Khalifah). Hukum baiat ini pun wajib. Namun, kewajiban ini tidak bisa dijalankan oleh orang-perorang, karena memang tabiatnya harus dilaksanakan oleh orang secara berkelompok dan mempunyai kemampun untuk menunaikannya.4 Karena itu, disebut <em>fardhu kifayah</em>.</p>\r\n\r\n<p>Dengan demikian, hukum baiat<em> in’iqâd</em> dalam rangka mengangkat kepala negara adalah<em>fardhu kifâyah</em>. Karena itu, istilah baiat<em> </em>ini hanya bisa digunakan untuk memilih dan mengangkat kepala negara. Adapun untuk kepala daerah, pemilihan dan pengangkatannya oleh Islam diserahkan kepada kepala negara.</p>\r\n\r\n<p>Ini semuanya terkait dengan mengangkat pemimpin untuk memimpin orang dalam melakukan ketaatan. Adapun mengangkat pemimpin dalam konteks maksiat hukumnya jelas berbeda. Melakukan maksiat hukumnya haram. Karena itu, mengangkat pemimpin dalam konteks maksiat pun sama-sama diharamkan.</p>\r\n\r\n<p>Dalam konteks kedua, yaitu memilih dan mengangkat pemimpin yang buruk di antara yang terburuk, penjelasannya adalah sebagai berikut: <em>Pertama</em>, baik-buruk dalam konteks kepemimpinan ini bisa dilihat dari dua aspek: person/orang dan sistem. Boleh jadi secara personal pemimpin yang terpilih tersebut memang memenuhi kriteria yang ditetapkan oleh syariah, yang berarti, pemimpin tersebut baik. Sebut saja, seluruh syarat yang ditetapkan (<em>syurûth in’iqâd</em>)—seperti laki-laki, Muslim, berakal, balig, adil (tidak fasik), merdeka dan mampu—telah terpenuhi. Namun, dia tidak memerintah dengan menggunakan sistem yang baik, yaitu syariah Islam. Dalam konteks ini, pemimpin yang secara personal baik, namun memerintah tidak dengan menggunakan syariah, maka statusnya adalah salah satu di antara tiga: kafir, fasik dan zalim, sebagaimana yang dinyatakan oleh Allah dalam surah al-Maidah: 44, 45 dan 47. Dengan demikian bisa disimpulkan, mengangkat pemimpin yang tidak memenuhi kriteria jelas tidak sah, sekaligus melanggar ketentuan syariah, dan karenanya tidak baik. Namun, mengangkat pemimpin yang memenuhi kriteria <em>syar’i</em> pun, jika dia diangkat untuk menjalankan sistem sekular juga haram. Karena itu, kedua pilihan tersebut sama-sama tidak boleh, karena sama-sama melanggar hukum syariah.</p>\r\n\r\n<p><em>Kedua</em>, memang ada kaidah syariah:</p>\r\n\r\n<p>«???? ????????? ????????????? ???????? ????????????? ??????? ???????????? ????????????»</p>\r\n\r\n<p><em>Jika ada dua keburukan, yang harus diperhatikan adalah mana di antara keduanya yang paling besar bahayanya, dengan mengerjakan yang paling ringan di antara keduanya</em></p>\r\n\r\n<p>Ada juga kaidah sejenis yang lainnya. Dalam praktiknya, kaidah ini sering digunakan secara serampangan. Bahkan banyak yang menjadikan fakta (realitas) sebagai penentu yang menentukan pilihan mana yang harus dipilih. Sebagai contoh, ketika kita disuruh memilih, mana yang harus kita pilih: memilih pemimpin yang “baik” dengan sistem sekular atau tidak memilih? Jika kita memilih untuk tidak memilih maka bisa jadi yang akan terpilih adalah pemimpin yang tidak baik, sistemnya pun tidak berubah, alias tetap sekular. Jadi, memilih pemimpin yang “baik” dengan sistem sekular tetap lebih baik ketimbang tidak memilih. Inilah logika <em>akhaffu ad-dhararayn, </em>yang sering mereka gunakan.</p>\r\n\r\n<p>Padahal memilih pemimpin untuk menjalankan sistem sekular itu berarti mempertahankan keburukan dan hukumnya jelas haram. Ini bukanlah pilihan satu-satunya yang harus dipilih. Sebab, ada pilihan lain, yaitu berjuang dengan sungguh-sungguh untuk mewujudkan pemimpin yang baik, yang menerapkan sistem yang baik, yaitu syariah. Ini hukumnya wajib. Jadi, memilih pemimpin yang “baik” untuk menjalankan sistem sekular tetap tidak wajib, justru haram. Sebaliknya, berjuang dengan sungguh-sungguh untuk mewujudkan pemimpin yang baik dengan menjalankan sistem yang baik, yaitu syariah, hukumnya wajib. <em>Wallâhu a’lam. </em><strong>[<a href=\"http://anaksholeh.net/\" target=\"_blank\">www.anaksholeh.net</a>]</strong><br>\r\n<strong>Catatan Kaki:</strong></p>\r\n\r\n<p>1 Hadits tersebut menyatakan, <em>“Tidak ada ketaatan kepada makhluk dalam melakukan maksiat kepada al-Khaliq (Allah).”</em></p>\r\n\r\n<p>2 Hadits tersebut menyatakan, <em>“Kami membai’at Rasulullah saw. untuk mendengarkan dan mentaati beliau, baik ketika kami susah maupun senang..” </em>Sebagai Nabi dan Rasul, beliau wajib ditaati dan didengarkan perintahnya. Karena itu, sebenarnya beliau tidak perlu dibai’at agar bisa ditaati dan didengarkan perintahnya. Namun, jika ini diperlukan, berarti ada konteks lain, di luar konteks <em>risalah</em> dan <em>nubuwwah</em>, yang mengharuskan beliau juga wajib didengarkan dan ditaati. Itu tak lain adalah konteks pemerintahan. Ini kemudian dipertegas dengan hadits lain, <em>“Siapa saja yang mati, sementara di atas pundaknya tidak ada bai’at, maka dia mati dalam keadaan mati jahiliyah.” </em>Konteks tidak adanya <em>bai’at</em> ini adalah tidak adanya kepala negara (Khalifah) yang memerintah berdasarkan hukum-hukum Allah.</p>\r\n\r\n<p>3 Lihat, Prof. Dr. Rawwas Qal’ah Jie, <em>Mu’jam Lughat al-Fuqaha’, </em>Dar an-Nafais, Beirut, Beirut, cet. I, 1426-1996, hal. 95. Dr. Mahmud al-Khalidi, <em>al-Bai’ah fi al-Fikr as-Siyasi al-Islami, </em>Maktabah ar-Risalah al-Islamiyyah, Yordania, cet. I, 1985, hal. 32.</p>\r\n\r\n<p>4 Dalam konteks <em>kifayah</em> ini, ulama’ ushul, seperti as-Syathibi memilah pelaku hukum menjadi dua: <em>al-qadir </em>(yang mempunyai kemampuan melaksanakan secara langsung) dan <em>ghair al-qadir </em>(yang tidak mempunyai kemampuan). Al-Farra’ dan Imam an-Nawawi menyebut kelompok <em>al-qadir </em>dalam konteks <em>bai’at in’iqad</em> ini dengan <em>Ahl al-halli wa al-‘aqd</em>, karena memang merekalah yang pemegang simpul-simpul umat. Al-Mawardi menyebut dengan istilah <em>Ahl al-ikhtiyar</em>, yaitu orang-orang yang bisa menentukan pilihan.Lihat, as-Syathibi, <em>al-Muqafaqat, </em>juz , hal. . al-Farra’, <em>al-Ahkam as-Sulthaniyyah, </em>hal. 24. An-Nawawi, <em>Nihayat al-Muhtaj il Syarh al-Minhaj</em>, juz VII, hal. 390. Al-Mawardi, <em>al-Ahkam as-Sulthaniyyah, </em>hal. 15.</p>','Sabtu','2018-08-18','15:02:47','aa6e5e8c167ab6f1ddae95f53d5441a2.jpg',0,'film,israel'),(12,'Administrator','Ydfhgf Chngfh','ydfhgf-chngfh','<p>Dalam konteks kedua, yaitu memilih dan mengangkat pemimpin yang buruk di antara yang terburuk, penjelasannya adalah sebagai berikut: <em>Pertama</em>, baik-buruk dalam konteks kepemimpinan ini bisa dilihat dari dua aspek: person/orang dan sistem. Boleh jadi secara personal pemimpin yang terpilih tersebut memang memenuhi kriteria yang ditetapkan oleh syariah, yang berarti, pemimpin tersebut baik. Sebut saja, seluruh syarat yang ditetapkan (<em>syurûth in’iqâd</em>)—seperti laki-laki, Muslim, berakal, balig, adil (tidak fasik), merdeka dan mampu—telah terpenuhi. Namun, dia tidak memerintah dengan menggunakan sistem yang baik, yaitu syariah Islam. Dalam konteks ini, pemimpin yang secara personal baik, namun memerintah tidak dengan menggunakan syariah, maka statusnya adalah salah satu di antara tiga: kafir, fasik dan zalim, sebagaimana yang dinyatakan oleh Allah dalam surah al-Maidah: 44, 45 dan 47. Dengan demikian bisa disimpulkan, mengangkat pemimpin yang tidak memenuhi kriteria jelas tidak sah, sekaligus melanggar ketentuan syariah, dan karenanya tidak baik. Namun, mengangkat pemimpin yang memenuhi kriteria <em>syar’i</em> pun, jika dia diangkat untuk menjalankan sistem sekular juga haram. Karena itu, kedua pilihan tersebut sama-sama tidak boleh, karena sama-sama melanggar hukum syariah.</p>\r\n\r\n<p><em>Kedua</em>, memang ada kaidah syariah:</p>\r\n\r\n<p>«???? ????????? ????????????? ???????? ????????????? ??????? ???????????? ????????????»</p>\r\n\r\n<p><em>Jika ada dua keburukan, yang harus diperhatikan adalah mana di antara keduanya yang paling besar bahayanya, dengan mengerjakan yang paling ringan di antara keduanya</em></p>','Sabtu','2018-08-18','15:18:34','1afda42b77ca69da6a11641a3241d298.jpg',0,'israel'),(13,'Administrator','Dsfsd','dsfsd','<p>d</p>\r\n\r\n<p>Dalam konteks kedua, yaitu memilih dan mengangkat pemimpin yang buruk di antara yang terburuk, penjelasannya adalah sebagai berikut: <em>Pertama</em>, baik-buruk dalam konteks kepemimpinan ini bisa dilihat dari dua aspek: person/orang dan sistem. Boleh jadi secara personal pemimpin yang terpilih tersebut memang memenuhi kriteria yang ditetapkan oleh syariah, yang berarti, pemimpin tersebut baik. Sebut saja, seluruh syarat yang ditetapkan (<em>syurûth in’iqâd</em>)—seperti laki-laki, Muslim, berakal, balig, adil (tidak fasik), merdeka dan mampu—telah terpenuhi. Namun, dia tidak memerintah dengan menggunakan sistem yang baik, yaitu syariah Islam. Dalam konteks ini, pemimpin yang secara personal baik, namun memerintah tidak dengan menggunakan syariah, maka statusnya adalah salah satu di antara tiga: kafir, fasik dan zalim, sebagaimana yang dinyatakan oleh Allah dalam surah al-Maidah: 44, 45 dan 47. Dengan demikian bisa disimpulkan, mengangkat pemimpin yang tidak memenuhi kriteria jelas tidak sah, sekaligus melanggar ketentuan syariah, dan karenanya tidak baik. Namun, mengangkat pemimpin yang memenuhi kriteria <em>syar’i</em> pun, jika dia diangkat untuk menjalankan sistem sekular juga haram. Karena itu, kedua pilihan tersebut sama-sama tidak boleh, karena sama-sama melanggar hukum syariah.</p>\r\n\r\n<p><em>Kedua</em>, memang ada kaidah syariah:</p>\r\n\r\n<p>وَعَلَيْكُمْ السَّلاَمُ وَرَحْمَةُ اللهِ وَبَرَكَاتُهُ</p>\r\n\r\n<p><em>Jika ada dua keburukan, yang harus diperhatikan adalah mana di antara keduanya yang paling besar bahayanya, dengan mengerjakan yang paling ringan di antara keduanya</em></p>','Sabtu','2018-08-18','15:47:12','e2d729af22a0b7f8994264ffa41535a4.jpg',0,''),(14,'Administrator','Sdegdf Dhfgthfg','sdegdf-dhfgthfg','<p>Dalam konteks kedua, yaitu memilih dan mengangkat pemimpin yang buruk di antara yang terburuk, penjelasannya adalah sebagai berikut: <em>Pertama</em>, baik-buruk dalam konteks kepemimpinan ini bisa dilihat dari dua aspek: person/orang dan sistem. Boleh jadi secara personal pemimpin yang terpilih tersebut memang memenuhi kriteria yang ditetapkan oleh syariah, yang berarti, pemimpin tersebut baik. Sebut saja, seluruh syarat yang ditetapkan (<em>syurûth in’iqâd</em>)—seperti laki-laki, Muslim, berakal, balig, adil (tidak fasik), merdeka dan mampu—telah terpenuhi. Namun, dia tidak memerintah dengan menggunakan sistem yang baik, yaitu syariah Islam. Dalam konteks ini, pemimpin yang secara personal baik, namun memerintah tidak dengan menggunakan syariah, maka statusnya adalah salah satu di antara tiga: kafir, fasik dan zalim, sebagaimana yang dinyatakan oleh Allah dalam surah al-Maidah: 44, 45 dan 47. Dengan demikian bisa disimpulkan, mengangkat pemimpin yang tidak memenuhi kriteria jelas tidak sah, sekaligus melanggar ketentuan syariah, dan karenanya tidak baik. Namun, mengangkat pemimpin yang memenuhi kriteria <em>syar’i</em> pun, jika dia diangkat untuk menjalankan sistem sekular juga haram. Karena itu, kedua pilihan tersebut sama-sama tidak boleh, karena sama-sama melanggar hukum syariah.</p>\r\n\r\n<p><em>Kedua</em>, memang ada kaidah syariah:</p>\r\n\r\n<p>وَ السَّلاَمُ عَلَيْكُمْ وَرَحْمَةُ اللهِ وَبَرَكَاتُهُ</p>\r\n\r\n<p><em>Jika ada dua keburukan, yang harus diperhatikan adalah mana di antara keduanya yang paling besar bahayanya, dengan mengerjakan yang paling ringan di antara keduanya</em></p>','Sabtu','2018-08-18','15:33:51','ef962bf8787406e5096bdcc3c9caeecc.jpg',0,'film,israel');

/*Table structure for table `carousel` */

DROP TABLE IF EXISTS `carousel`;

CREATE TABLE `carousel` (
  `id_carousel` int(11) NOT NULL AUTO_INCREMENT,
  `nama_carousel` varchar(200) NOT NULL,
  `gambar_carousel` varchar(250) DEFAULT NULL,
  `keterangan_carousel` text NOT NULL,
  `active_carousel` enum('active','') DEFAULT NULL,
  PRIMARY KEY (`id_carousel`)
) ENGINE=InnoDB AUTO_INCREMENT=7 DEFAULT CHARSET=latin1;

/*Data for the table `carousel` */

insert  into `carousel`(`id_carousel`,`nama_carousel`,`gambar_carousel`,`keterangan_carousel`,`active_carousel`) values (1,'Slide 1','Ucapan_idul_fitri.JPG','<h2><a href=\"https://stackoverflow.com/questions/4554758/how-to-read-if-a-checkbox-is-checked-in-php\">Codeigniter</a></h2>\r\n','active'),(2,'Slide 2','Sedang_mengaji.JPG','',''),(3,'Slide 3','Sedekah_online.JPG','',''),(5,'Slide 4','Umroh.JPG','<h2><a href=\"https://stackoverflow.com/questions/4554758/how-to-read-if-a-checkbox-is-checked-in-php\">Codeigniter</a></h2>\r\n',''),(6,'Slide 5','Pray_for_palestine.JPG','<p>Nomor       : 345/IE-WAWANCARA/IV/2016<br>\r\nLampiran   : -<br>\r\nPerihal       : User<br>\r\n<br>\r\nKepada Yth,<br>\r\nKampung Qur&#39;am Cikarang<br>\r\nDi Tempat<br>\r\n<br>\r\nBerkenaan dengan Surat Pemberitahuan ini, dengan ini kami memberi informasi :</p>\r\n\r\n<p>Nama    : ________</p>\r\n\r\n<p>No HP   : _________</p>\r\n\r\n<p>E-mail   : _________</p>\r\n\r\n<p>Perihal  : _________</p>\r\n\r\n<p>Pesan   : _________</p>\r\n\r\n<p><br>\r\nAtas perhatian serta kerjasama Saudara/I, kami ucapkan terima kasih.<br>\r\n<br>\r\nBekasi, 5 November 2016<br>\r\n<br>\r\nHormat kami,<br>\r\n<br>\r\n<br>\r\nSystem Application</p>\r\n','');

/*Table structure for table `galeri_foto` */

DROP TABLE IF EXISTS `galeri_foto`;

CREATE TABLE `galeri_foto` (
  `id_galeri_foto` int(11) NOT NULL AUTO_INCREMENT,
  `nama_galeri_foto` varchar(100) DEFAULT NULL,
  `keterangan_galeri_foto` text,
  `gambar_galeri_foto` varchar(250) DEFAULT NULL,
  PRIMARY KEY (`id_galeri_foto`)
) ENGINE=InnoDB AUTO_INCREMENT=5 DEFAULT CHARSET=latin1;

/*Data for the table `galeri_foto` */

insert  into `galeri_foto`(`id_galeri_foto`,`nama_galeri_foto`,`keterangan_galeri_foto`,`gambar_galeri_foto`) values (1,'Test Foto Q','<p>Test Foto q</p>','a8a0390edc93da029b61241efe1a6fd6.jpg'),(4,'Texst Hallo','<p>texst hallotexst hallotexst hallotexst hallotexst hallotexst hallo</p>','7c609009d6dca5bdfce5cc6d576ac597.jpg');

/*Table structure for table `galeri_video` */

DROP TABLE IF EXISTS `galeri_video`;

CREATE TABLE `galeri_video` (
  `id_galeri_video` int(11) NOT NULL AUTO_INCREMENT,
  `nama_galeri_video` varchar(200) DEFAULT NULL,
  `link_galeri_video` varchar(250) DEFAULT NULL,
  PRIMARY KEY (`id_galeri_video`)
) ENGINE=InnoDB AUTO_INCREMENT=6 DEFAULT CHARSET=latin1;

/*Data for the table `galeri_video` */

insert  into `galeri_video`(`id_galeri_video`,`nama_galeri_video`,`link_galeri_video`) values (1,'Untuk Istri yang lagi kesel sama suami','https://www.youtube.com/embed/gdvQXuvXzgc'),(2,'Stimulasi motorik dengan guling','https://www.youtube.com/embed/PTyH-KHc0iA'),(4,'COBA AYAM BERSIH BERKAH LV 30 - RASA HALAL Eps.2','https://www.youtube.com/embed/IrWk-EQ63B0');

/*Table structure for table `groups` */

DROP TABLE IF EXISTS `groups`;

CREATE TABLE `groups` (
  `id` mediumint(8) unsigned NOT NULL AUTO_INCREMENT,
  `name` varchar(20) NOT NULL,
  `description` varchar(100) NOT NULL,
  PRIMARY KEY (`id`)
) ENGINE=InnoDB AUTO_INCREMENT=4 DEFAULT CHARSET=utf8;

/*Data for the table `groups` */

insert  into `groups`(`id`,`name`,`description`) values (1,'admin','Administrator'),(2,'Members','General User'),(3,'Supervisor','Supervisor Contoh');

/*Table structure for table `highlight` */

DROP TABLE IF EXISTS `highlight`;

CREATE TABLE `highlight` (
  `id_highlight` int(11) NOT NULL AUTO_INCREMENT,
  `nama_highlight` varchar(300) NOT NULL,
  `gambar_highlight` varchar(200) NOT NULL,
  `link_highlight` varchar(250) DEFAULT NULL,
  `active_carousel` enum('actvive','') DEFAULT NULL,
  PRIMARY KEY (`id_highlight`)
) ENGINE=InnoDB DEFAULT CHARSET=latin1;

/*Data for the table `highlight` */

/*Table structure for table `hubungi_kami` */

DROP TABLE IF EXISTS `hubungi_kami`;

CREATE TABLE `hubungi_kami` (
  `id` int(11) NOT NULL AUTO_INCREMENT,
  `nama_pengirim` varchar(200) DEFAULT NULL,
  `email_pengirim` varchar(200) DEFAULT NULL,
  `tlp_pengirim` varchar(15) DEFAULT NULL,
  `subjek_pengirim` time DEFAULT NULL,
  PRIMARY KEY (`id`)
) ENGINE=InnoDB DEFAULT CHARSET=latin1;

/*Data for the table `hubungi_kami` */

/*Table structure for table `jemput_sedekah` */

DROP TABLE IF EXISTS `jemput_sedekah`;

CREATE TABLE `jemput_sedekah` (
  `id_jemput_sedekah` int(11) NOT NULL AUTO_INCREMENT,
  `nama_jemput_sedekah` varchar(200) DEFAULT NULL,
  `gambar_jemput_sedekah` varchar(200) DEFAULT NULL,
  PRIMARY KEY (`id_jemput_sedekah`)
) ENGINE=InnoDB DEFAULT CHARSET=latin1;

/*Data for the table `jemput_sedekah` */

/*Table structure for table `kata_mereka` */

DROP TABLE IF EXISTS `kata_mereka`;

CREATE TABLE `kata_mereka` (
  `id_kata_mereka` int(11) NOT NULL AUTO_INCREMENT,
  `name_kata_mereka` varchar(150) DEFAULT NULL,
  `photo_kata_mereka` varchar(150) DEFAULT NULL,
  `quote_kata_mereka` text,
  PRIMARY KEY (`id_kata_mereka`)
) ENGINE=InnoDB AUTO_INCREMENT=4 DEFAULT CHARSET=latin1;

/*Data for the table `kata_mereka` */

insert  into `kata_mereka`(`id_kata_mereka`,`name_kata_mereka`,`photo_kata_mereka`,`quote_kata_mereka`) values (2,'Dasfds Xsdgdfh','094dfdf939d7582fe340de4be7214a3e.jpg','<p><em>Setiap saya berbicara di depan almameter saya, saya selalu menegur mereka. Jika kalian masih berpikiran gaji yang tinggi dan kantor yang bonafit, maka saya ngga kaget kalau 10–20 tahun lagi, kalian akan menjadi karyawan bagi teman-teman lulusan Binus yang berani memulai karirnya di startup yang kecil.</em></p>'),(3,'Fbgdg','dfa44c7cce86b04c06907ce9a7a90c4d.jpg','<p><em>Marcella memulai karirnya sebagai Quality Assurance di Tiket.com. Namun karena kita masih baru memulai, Marcella juga didaulat untuk memegang social media admin, copywriter, tim event, partnership, fraud analyst hingga customer services. Makin besar tanggung jawab kita, makin besar kemampuan kita berkembang, begitu pula pengalaman kita juga semakin banyak.</em></p>');

/*Table structure for table `kegiatan` */

DROP TABLE IF EXISTS `kegiatan`;

CREATE TABLE `kegiatan` (
  `id_kegiatan` int(11) NOT NULL AUTO_INCREMENT,
  `name_kegiatan` varchar(200) DEFAULT NULL,
  `tempat_kegiatan` varchar(250) DEFAULT NULL,
  `waktu_kegiatan` datetime DEFAULT NULL,
  PRIMARY KEY (`id_kegiatan`)
) ENGINE=InnoDB AUTO_INCREMENT=2 DEFAULT CHARSET=latin1;

/*Data for the table `kegiatan` */

insert  into `kegiatan`(`id_kegiatan`,`name_kegiatan`,`tempat_kegiatan`,`waktu_kegiatan`) values (1,'Ngaji Bersama','Markas KQC','2018-08-27 19:00:00');

/*Table structure for table `login_attempts` */

DROP TABLE IF EXISTS `login_attempts`;

CREATE TABLE `login_attempts` (
  `id` int(11) unsigned NOT NULL AUTO_INCREMENT,
  `ip_address` varchar(45) NOT NULL,
  `login` varchar(100) NOT NULL,
  `time` int(11) unsigned DEFAULT NULL,
  PRIMARY KEY (`id`)
) ENGINE=InnoDB DEFAULT CHARSET=utf8;

/*Data for the table `login_attempts` */

/*Table structure for table `menu_groups` */

DROP TABLE IF EXISTS `menu_groups`;

CREATE TABLE `menu_groups` (
  `id` int(11) NOT NULL AUTO_INCREMENT,
  `group_id` int(11) DEFAULT NULL,
  `menu_id` int(11) DEFAULT NULL,
  PRIMARY KEY (`id`),
  KEY `menu_groups_menus` (`id`)
) ENGINE=InnoDB AUTO_INCREMENT=35 DEFAULT CHARSET=latin1;

/*Data for the table `menu_groups` */

insert  into `menu_groups`(`id`,`group_id`,`menu_id`) values (6,2,6),(13,3,4),(14,3,5),(15,3,6),(22,1,1),(23,1,2),(24,1,3),(25,1,4),(26,1,5),(27,1,6),(28,1,7),(29,1,8),(30,1,9),(31,1,10),(32,1,11),(33,1,12),(34,1,13);

/*Table structure for table `menus` */

DROP TABLE IF EXISTS `menus`;

CREATE TABLE `menus` (
  `id_menus` int(11) NOT NULL AUTO_INCREMENT,
  `judul_menus` varchar(150) NOT NULL,
  `link_menus` varchar(150) NOT NULL,
  `icon_menus` varchar(100) NOT NULL,
  `is_main_menu` int(11) NOT NULL,
  PRIMARY KEY (`id_menus`)
) ENGINE=InnoDB AUTO_INCREMENT=14 DEFAULT CHARSET=latin1;

/*Data for the table `menus` */

insert  into `menus`(`id_menus`,`judul_menus`,`link_menus`,`icon_menus`,`is_main_menu`) values (1,'Berita','admin/berita','fa fa-home',0),(2,'Administrator','#','fa fa-user-secret',0),(3,'User','admin/users','fa fa-users',2),(4,'Artikel','admin/artikel','fa fa-tree',0),(5,'Groups','admin/groups','fa fa-home',2),(6,'Menu','admin/menus','fa fa-home',2),(7,'Tentang Kami','admin/tentang_kami','fa fa-home',0),(8,'Rekening','admin/rekening','fa fa-home',0),(9,'Pendidikan Dakwah','admin/pendidikan_dakwah','fa fa-home',0),(10,'Galeri Foto','admin/galeri_foto','fa fa-home',0),(11,'Galeri Video','admin/galeri_video','fa fa-home',0),(12,'Carousel','admin/carousel','fa fa-home',0),(13,'Kata Mereka','admin/kata_mereka','fa fa-home',0);

/*Table structure for table `pendidikan_dakwah` */

DROP TABLE IF EXISTS `pendidikan_dakwah`;

CREATE TABLE `pendidikan_dakwah` (
  `id_pendidikan_dakwah` int(11) NOT NULL AUTO_INCREMENT,
  `nama_pendidikan_dakwah` varchar(200) NOT NULL,
  `keterangan_pendidikan_dakwah` text NOT NULL,
  `gambar_pendidikan_dakwah` varchar(200) NOT NULL,
  PRIMARY KEY (`id_pendidikan_dakwah`)
) ENGINE=InnoDB AUTO_INCREMENT=3 DEFAULT CHARSET=latin1;

/*Data for the table `pendidikan_dakwah` */

insert  into `pendidikan_dakwah`(`id_pendidikan_dakwah`,`nama_pendidikan_dakwah`,`keterangan_pendidikan_dakwah`,`gambar_pendidikan_dakwah`) values (2,'Test','<p>test</p>','2524abc82c61d0b9ee983e6faedcbeae.jpg');

/*Table structure for table `rekening` */

DROP TABLE IF EXISTS `rekening`;

CREATE TABLE `rekening` (
  `id_rekening` int(11) NOT NULL AUTO_INCREMENT,
  `nama_bank` varchar(200) DEFAULT NULL,
  `no_rekening` varchar(50) DEFAULT NULL,
  PRIMARY KEY (`id_rekening`)
) ENGINE=InnoDB AUTO_INCREMENT=4 DEFAULT CHARSET=latin1;

/*Data for the table `rekening` */

insert  into `rekening`(`id_rekening`,`nama_bank`,`no_rekening`) values (1,'Bank Muamalat','303 003 361 51'),(2,'BNI Syariah','1699 1699 6');

/*Table structure for table `sedekah` */

DROP TABLE IF EXISTS `sedekah`;

CREATE TABLE `sedekah` (
  `id_sedekah` int(11) NOT NULL AUTO_INCREMENT,
  `nama_sedekah` varchar(200) NOT NULL,
  `gambar_sedekah` varchar(250) NOT NULL,
  PRIMARY KEY (`id_sedekah`)
) ENGINE=InnoDB DEFAULT CHARSET=latin1;

/*Data for the table `sedekah` */

/*Table structure for table `tag` */

DROP TABLE IF EXISTS `tag`;

CREATE TABLE `tag` (
  `id_tag` int(5) NOT NULL AUTO_INCREMENT,
  `nama_tag` varchar(100) COLLATE latin1_general_ci NOT NULL,
  `tag_seo` varchar(100) COLLATE latin1_general_ci NOT NULL,
  `count` int(5) NOT NULL,
  PRIMARY KEY (`id_tag`)
) ENGINE=MyISAM AUTO_INCREMENT=22 DEFAULT CHARSET=latin1 COLLATE=latin1_general_ci;

/*Data for the table `tag` */

insert  into `tag`(`id_tag`,`nama_tag`,`tag_seo`,`count`) values (1,'Palestina','palestina',7),(2,'Gaza','gaza',11),(9,'Tenis','tenis',5),(10,'Sepakbola','sepakbola',7),(8,'Laskar Pelangi','laskar-pelangi',2),(11,'Amerika','amerika',18),(12,'George Bush','george-bush',3),(13,'Browser','browser',9),(14,'Google','google',3),(15,'Israel','israel',5),(16,'Komputer','komputer',24),(17,'Film','film',9),(19,'Mobil','mobil',0),(21,'Gayus','gayus',2);

/*Table structure for table `templates` */

DROP TABLE IF EXISTS `templates`;

CREATE TABLE `templates` (
  `id_templates` int(5) NOT NULL AUTO_INCREMENT,
  `title_templates` varchar(100) COLLATE latin1_general_ci NOT NULL,
  `folder_templates` varchar(50) COLLATE latin1_general_ci NOT NULL,
  `status_templates` enum('Y','N') COLLATE latin1_general_ci NOT NULL DEFAULT 'N',
  PRIMARY KEY (`id_templates`)
) ENGINE=MyISAM AUTO_INCREMENT=13 DEFAULT CHARSET=latin1 COLLATE=latin1_general_ci;

/*Data for the table `templates` */

insert  into `templates`(`id_templates`,`title_templates`,`folder_templates`,`status_templates`) values (1,'admin_lte','admin_lte','N'),(2,'kqc','kqc','Y');

/*Table structure for table `tentang_kami` */

DROP TABLE IF EXISTS `tentang_kami`;

CREATE TABLE `tentang_kami` (
  `id_tentang_kami` int(11) NOT NULL AUTO_INCREMENT,
  `nama_tentang_kami` varchar(200) DEFAULT NULL,
  `isi_tentang_kami` text,
  `gambar_tentang_kami` varchar(250) DEFAULT NULL,
  PRIMARY KEY (`id_tentang_kami`)
) ENGINE=InnoDB AUTO_INCREMENT=9 DEFAULT CHARSET=latin1;

/*Data for the table `tentang_kami` */

insert  into `tentang_kami`(`id_tentang_kami`,`nama_tentang_kami`,`isi_tentang_kami`,`gambar_tentang_kami`) values (1,'Manajemen','<table border=\"0\">\r\n <tbody>\r\n  <tr>\r\n   <td>Direktur Utama</td>\r\n   <td>:</td>\r\n   <td> M. Anwar Sani</td>\r\n  </tr>\r\n  <tr>\r\n   <td>Direktur Eksekutif</td>\r\n   <td>:</td>\r\n   <td>Tarmizi Ashidiq</td>\r\n  </tr>\r\n  <tr>\r\n   <td>GM Keuangan & Umum</td>\r\n   <td>:</td>\r\n   <td> Abdul Sidik</td>\r\n  </tr>\r\n  <tr>\r\n   <td>GM Fundrising</td>\r\n   <td>:</td>\r\n   <td> Irfan Yudha</td>\r\n  </tr>\r\n  <tr>\r\n   <td>GM Pendayagunaan</td>\r\n   <td>:</td>\r\n   <td> Jahidin</td>\r\n  </tr>\r\n  <tr>\r\n   <td>GM Legal & Asset</td>\r\n   <td>:</td>\r\n   <td> Nanang Ismuhartoyo</td>\r\n  </tr>\r\n  <tr>\r\n   <td>GM Marketing & komunikasi</td>\r\n   <td>:</td>\r\n   <td> Dwi Kartika</td>\r\n  </tr>\r\n  <tr>\r\n   <td>GM HRD</td>\r\n   <td>:</td>\r\n   <td> M. Yusuf</td>\r\n  </tr>\r\n  <tr>\r\n   <td>GM Rumah Tahfidz Center</td>\r\n   <td>:</td>\r\n   <td> Ust. Sholehudin</td>\r\n  </tr>\r\n </tbody>\r\n</table>','47f88a60ccc5575d966aa4b7104f3eab.jpg'),(2,'Sejarah','<blockquote>\r\n<p><strong>PPPA Daarul Qur’an adalah lembaga pengelola sedekah yang berkhidmad pada pembangunan masyarakat berbasis tahfizhul Qur’an yang dikelola secara profesional dan akuntabel.</strong></p>\r\n</blockquote>\r\n\r\n<p>Bermula pada 2003, saat Ustadz Yusuf Mansur berkhidmad untuk menciptakan kader-kader penghafal Al-Qur’an di Indonesia dengan Program Pembibitan Penghafal Al-Qur’an (PPPA) Daarul Qur’an. Dimulai dengan mengasuh beberapa santri tahfizh, kemudian berkembang hingga ribuan santri yang tersebar di seluruh Indonesia.</p>\r\n\r\n<p>Dari sudut sempit Musholla Bulak Santri yang bersebelahan dengan makam desa, di tempat inilah berawal aktivitas PPPA Daarul Qur’an mengusung visi dan cita-cita besar.</p>\r\n\r\n<p>Sedari awal, PPPA Daarul Qur’an berkonsentrasi dalam upaya membangun kesadaran masyarakat untuk kembali pada Al-Qur’an, dengan menggulirkan program-program yang bertujuan untuk membibit dan mencetak penghafal Qur’an.</p>\r\n\r\n<p>Makin hari, gerakan dan kesadaran masayrakat untuk melahirkan para penghafal Al-Qur’an terus meluas. Maka diperlukan payung kelembagaan yang kuat dan profesional. Pada 29 maret 2007 di Balai Sarbini Jakarta, identitas PPPA Daarul Qur’an resmi diperkenalkan ke publik. Dikukuhkan melalui akte notaris tertanggal 11 Mei 2007.</p>\r\n\r\n<p>PPPA Daarul Qur’an membangun gerakan Rumah Tahfizh di dalam dan luar negeri. Dalam program dakwah dan sosial, PPPA juga terlibat dalam pembangunan kemandirian dan pengembangan masyarakat berbasis tahfizhul Qur’an. Mulai bantuan beasiswa, kemanusiaan, kesehatan, dan pengembangan masyarakat. Dengan program kreatif, membumi, dan tepat sasar PPPA terus dipercaya masyarakat sebagai mitra pengelola sedekah dalam pembangunan bangsa berbasis tahfizhul Qur’an.</p>',NULL),(3,'Visi Misi','<p><strong>Visi :</strong></p>\r\n\r\n<p>Membangun masyarakat madani berbasis Tahfidzul Qur’an untuk kemandirian ekonomi, sosial, budaya, dan pendidikan bertumpu pada sumberdaya lokal yang berorientasi pada pemuliaan Al-Qur’an.</p>\r\n\r\n<p> </p>\r\n\r\n<p><strong>Misi :</strong></p>\r\n\r\n<ol>\r\n <li>Menjadikan Tahfidzul Qur’an sebagai budaya hidup masyarakat Indonesia</li>\r\n <li>Mewujudkan kemandirian ekonomi, pangan, pendidikan, dan kemandirian teknologi berbasis Tahfidzul Qur’an</li>\r\n <li>Menjadikan Indonesia bebas buta Al-Qur’an</li>\r\n <li>Menjadi lembaga yang menginspirasi masyarakat untuk peduli dan berpihak pada kaum lemah melalui nilai-nilai sedekah</li>\r\n <li>Menjadi lemabaga pengelola sedekah yang profesional, transparan, akuntabel, dan terpercaya.</li>\r\n</ol>',NULL),(4,'Method','Kami persilahkan bila ada yang ingin Anda ketahui atau tanyakan perihal Program Pembibitan Penghafal Al-Qur\'an Daarul Qur\'an melalui Form Hubungi Kami ini\r\n\r\n<h3>Daqu Method</h3>\r\n\r\n<p>1. Shalat Berjamaah & Jaga Hati, Jaga Sikap<br>\r\n2. Tahajjud, Dhuha & Qabliyah Ba’diyah<br>\r\n3. Menghafal & Tadabbur Al-Qur’an<br>\r\n4. Sedekah & Puasa Sunnah<br>\r\n5. Belajar & Mengajar<br>\r\n6. Doa, Mendoakan & Minta Didoakan<br>\r\n7. Ikhlas, Sabar, Syukur & Ridho</p>\r\n\r\n<h1>The above code sets the following rules:</h1>\r\n\r\n<ol>\r\n <li><span xss=removed>The username field be no shorter than 5 characters and no longer than 12.</span></li>\r\n <li><span xss=removed>The password field must match the password confirmation field.</span></li>\r\n <li>The email field must contain a valid email address.</li>\r\n</ol>\r\n\r\n<p>Give it a try! Submit your form without the proper data and you’ll see new error messages that correspond to your new rules. There are numerous rules available which you can read about in the validation reference.</p>',NULL),(5,'Legal Formal','<p>Legalitas Operasional PPPA Daarul Qur&#39;an berada dibawah naungan Yayasan Daarul Qur&#39;an Nusantara. berkedudukan di Tangerang, didirikan berdasarkan Akta Nomor 24 tanggal 11 Mei 2007 yang dibuat oleh Notaris Edi Priyono, SH berkedudukan di Jakarta. Akta Pendirian Yayasan Daarul Qur&#39;an Nusantara telah disahkan per tanggal 27 Agustus 2007 berdasarkan Keputusan Menteri Hukum dan Hak Asasi Manusia Republik Indonesia, Direktorat Jenderal Administrasi Hukum Umum dengan nomor C-2704.HT.01.02.TH 2007</p>\r\n\r\n<p>Berdasarkan Keputusan Ketua Umum Badan Amil Zakat Nasional (BAZNAS) No. KEP.005/BP/BAZNAS/VI/2015 Tentang Pembentukan UPZ BAZNAS bahwa PPPA Daarul Qur&#39;an mulai bulan Juni 2015 telah resmi menjadi UPZ BAZNAS (Unit Pengumpul Zakat), sesuai SK tersebut semua zakat karyawan Daarul Qur&#39;an dan dana zakat masyarakat yang terhimpun melalui PPPA Daarul Qur&#39;an di setorkan melalui BAZNAS.</p>',NULL),(6,'Salam Pimpinan','<h3>Dream 5 Benua</h3>\r\n\r\n<p><strong>Khoirul Mustofa</strong><br>\r\nDirektur Eksekutif</p>\r\n\r\n<p><em>Assalamu&#39;alaikum Warahmatullahi Wabarakatu</em>, Para donatur yang budiman, semoga Bapak/Ibu senantiasa diberikan kesehatan dan selalu dalam lindungan serta dilimpahkan kemudahan dan keberkahan oleh Allah SWT. Aamiin.<br>\r\n<br>\r\nSalah satu hasil rapat kerja pimpinan Pesantren Tahfizh Daarul Qur’an tahun 2014 di Hotel Siti, adalah sebuah “Big Dream Daqu”, mimpi besar untuk membangun 100 pesantren di 100 kota 5 benua. Dream ini berawal dari diskusi saya, Ustad Jameel dan Ustad Sani di rumah kediaman Kyai Yusuf Mansur. Saat itu, saya bersama kawan-kawan menyampaikan beberapa masukan program untuk satu tahun yaitu berkonsentrasi untuk pembangunan sepuluh pesantren selama lima tahun. Setiap tahunnya, Daarul Qur’an harus dapat membangun satu atau dua pesantren.<br>\r\n<br>\r\nTernyata, dalam diskusi itu, Kyai Yusuf malah memberi kami tantangan yang dahsyat, yaitu membangun 100 pesantren. \"Membangun 10 atau 100 pesantren, sama saja energinya, sama mikirnya, sama kerjanya, sama capek dan lelahnya. Mending yang banyak sekalian,“ ucap beliau. ‘\"Gedein cita-citanya, tingkatkan dreamnya, bukan 10 pesantren yang akan kita bangun tetapi 100 pesantren. Bismillah!\"<br>\r\n<br>\r\nSaat itu, kami bertiga sempat saling berpandangan, dan tersenyum sambal melafazkan basmalah. Setelah itu, kita mengaminkan do’a yang dipanjatkan oleh Kyai Yusuf. Dari diskusi itulah lahir Program “Its All about One Hundred’’. Selanjutnya, secara berangsur, PPPA, Pesantren, DBN mulai berupaya mengembangkan program-programnya.<br>\r\n<br>\r\nPPPA Daarul Qur’an dengan program Kampung Qur’an mulai berdiri di beberapa daerah, memberikan bantuan pendidikan, pendampingan masyarakat dhuafa, daerah tertimpa bencana, hingga daerah pedalaman. Ribuan rumah tahfizh di Indonesia hingga manca negara pun berdiri.<br>\r\n<br>\r\nPPPA Daarul Qur’an juga berhasil memandirikan programnya seperti Klinik Daqu Sehat, Daqu Agrotechno dan Qurban Istimewa. Ini merupakan prestasi tersendiri, bagaimana PPPA Daarul Qur’an mulai menggali potensi ekonomi ummat yang dapat dimaksimalkan dalam mewujudkan Dream Daqu. Ketiga lembaga yang dimandirikan mulai bermetamorfosis menjadi lembaga yang kuat, baik secara finansial dan manajemen pengelolaan.<br>\r\n<br>\r\nSedangkan Pesantren Tahfizh Daarul Qur’an dan DBN (Daqu Bisnis Nusantara) berjalan beriringan dalam memaksimalkan pontesi ekonomi yang ada dalam pesantren. Beberapa unit-unit usaha pendukung didirikan untuk memenuhi kebutuhan santri hingga keperluan insan Daqu.  Unit-unit usaha ekternal penopang kemandirian pesantren sudah mulai berkembang seperti PayTren, Daqu Travel, Aquado, dan Hotel Siti.<br>\r\n<br>\r\nDi sisi lain Pesantren Tahfizh Daarul Qur’an terus berbenah baik secara tata kelola, secara manajemen pendidikan dan sebagainya, agar Pesantren Tahfizh Daarul Qur’an dapat menghasilkan lulusan yang berkualitas dan mampu bersaing secara global.<br>\r\n<br>\r\nBertepatan 5 Juli tahun ini, Daarul Qur’an berusia ke 14 tahun, masih terlalu muda dengan dream dan cita-cita dari guru kami Kyai Yusuf. Perjalanan masihlah sangat panjang dengan dream dan cita kami, yang terus disemangati Kyai Yusuf.<br>\r\n<br>\r\nSaya ingat, saat perhelatan milad PPPA Daarul Qur’an ke 10 tahun April 2017 lalu,  Kyai Yusuf dengan motivasinya berbicara kepada kami bertiga (saya, Ustad Jameel dan Ustad Sani) untuk mengubah tema milad yang tertulis ‘’10 Tahun Daarul Qur’an, Nyata Untuk di Indonesia“. Ustad Jameel diminta mengubah kata ‘’Indonesia’’ menjadi ‘’Dunia’’. Perubahan ini sontak dilakukannya dengan menaiki kursi yang dipegangi saya dan Ustad Sani.<br>\r\n<br>\r\nDream Daqu, Dream 5 Benua, Dream Indonesia, adalah Dream Kita bersama. Kenapa?<br>\r\n<br>\r\nKarena mimpi kita bersama saat Indonesia banyak melahirkan generasi hafizh Qur’an yang berprofesi dalam semua bidang, baik pemeritahan dan swasta. Mimpi kita bersama agar lembaga-lembaga pendidikan Indonesia dapat berdiri di berbagai belahan dunia, bahkan Indonesia menjadi negara pusat dan tujuan orang dari berbagai negara untuk belajar. Mimpi kita bersama juga bila Indonesia ke depan, para pemipinnya amanah, bertanggung jawab, dan rakyat sejahtera.<br>\r\n<br>\r\nDi milad ke 14 tahun Daarul Qur’an, do’akan kami, do’akan Daarul Qur’an, do’akan lembaga-lembaga lainnya agar lebih bermanfaat untuk masyarakat dan ummat. Kerja keras ini tak lepas dari dukungan dan kepercayaan Bapak/Ibu yang menjadi modal besar bagi kami. Teriring do’a semoga setiap aktivitas Bapak/Ibu semua mendapat ridho Allah SWT. Aamiin</p>\r\n\r\n<p><em>Wa&#39;alaikumsalam Warahmatullahi Wabarakatuh</em></p>','a7c766df1c250d9625ed752783fc3fea.jpg');

/*Table structure for table `users` */

DROP TABLE IF EXISTS `users`;

CREATE TABLE `users` (
  `id` int(11) unsigned NOT NULL AUTO_INCREMENT,
  `ip_address` varchar(45) NOT NULL,
  `username` varchar(100) DEFAULT NULL,
  `password` varchar(255) NOT NULL,
  `salt` varchar(255) DEFAULT NULL,
  `email` varchar(254) NOT NULL,
  `activation_code` varchar(40) DEFAULT NULL,
  `forgotten_password_code` varchar(40) DEFAULT NULL,
  `forgotten_password_time` int(11) unsigned DEFAULT NULL,
  `remember_code` varchar(40) DEFAULT NULL,
  `created_on` int(11) unsigned NOT NULL,
  `last_login` int(11) unsigned DEFAULT NULL,
  `active` tinyint(1) unsigned DEFAULT NULL,
  `first_name` varchar(50) DEFAULT NULL,
  `last_name` varchar(50) DEFAULT NULL,
  `company` varchar(100) DEFAULT NULL,
  `phone` varchar(20) DEFAULT NULL,
  PRIMARY KEY (`id`)
) ENGINE=InnoDB AUTO_INCREMENT=6 DEFAULT CHARSET=utf8;

/*Data for the table `users` */

insert  into `users`(`id`,`ip_address`,`username`,`password`,`salt`,`email`,`activation_code`,`forgotten_password_code`,`forgotten_password_time`,`remember_code`,`created_on`,`last_login`,`active`,`first_name`,`last_name`,`company`,`phone`) values (1,'127.0.0.1','Administrator','$2a$07$SeBknntpZror9uyftVopmu61qg0ms8Qv1yV6FG.kQOSM.9QhmTo36','','admin@admin.com','',NULL,NULL,'3TD4NqwmC1YF0B1mJC.aSe',1268889823,1534653471,1,'Administrator','sfsdg','Kampung Qur\'an Cikarang','34563'),(2,'::1','khoirl@gmail.com','$2y$08$nLwC4y6v.4DMmgDU9EaqkuJSocmTkPQTNbWDLmNuNgfXtBjY1tYWW',NULL,'khoirl@gmail.com',NULL,NULL,NULL,NULL,1532329863,NULL,1,'khoirul','khoirul','khoirul','123123123'),(4,'::1','juhandist@gmail.com','$2y$08$KNKcadjCrenenaHIYzeTo.4s00jukeVvKh2My7K6XowZL/Qh0txVG',NULL,'juhandist@gmail.com',NULL,NULL,NULL,NULL,1533525012,1533810301,1,'aaaaaaaaaaaaaaaa','aaaaaaaaaaaaaaaa','Kampung Qur\'an Cikarang','1111111111111111111'),(5,'::1','Usaha','$2y$08$oFiYEgw1qocuGWRVHpysX.F3KCQ/L1.BYrlG/d8WqU/hGlqmBB8Wi',NULL,'ee@gg.mm',NULL,NULL,NULL,NULL,1533819392,NULL,1,'usaha','usaha','Kampung Qur\'an Cikarang','3601');

/*Table structure for table `users_groups` */

DROP TABLE IF EXISTS `users_groups`;

CREATE TABLE `users_groups` (
  `id` int(11) unsigned NOT NULL AUTO_INCREMENT,
  `user_id` int(11) unsigned NOT NULL,
  `group_id` mediumint(8) unsigned NOT NULL,
  PRIMARY KEY (`id`),
  UNIQUE KEY `uc_users_groups` (`user_id`,`group_id`),
  KEY `fk_users_groups_users1_idx` (`user_id`),
  KEY `fk_users_groups_groups1_idx` (`group_id`),
  CONSTRAINT `fk_users_groups_groups1` FOREIGN KEY (`group_id`) REFERENCES `groups` (`id`) ON DELETE CASCADE ON UPDATE NO ACTION,
  CONSTRAINT `fk_users_groups_users1` FOREIGN KEY (`user_id`) REFERENCES `users` (`id`) ON DELETE CASCADE ON UPDATE NO ACTION
) ENGINE=InnoDB AUTO_INCREMENT=29 DEFAULT CHARSET=utf8;

/*Data for the table `users_groups` */

insert  into `users_groups`(`id`,`user_id`,`group_id`) values (27,1,1),(28,1,2),(4,2,2),(5,2,3),(17,4,2),(18,4,3),(22,5,2);

/*!40101 SET SQL_MODE=@OLD_SQL_MODE */;
/*!40014 SET FOREIGN_KEY_CHECKS=@OLD_FOREIGN_KEY_CHECKS */;
/*!40014 SET UNIQUE_CHECKS=@OLD_UNIQUE_CHECKS */;
/*!40111 SET SQL_NOTES=@OLD_SQL_NOTES */;
